"Subscriber_ID","recency","frequency","monetary","r_score","f_score","m_score","total_score","segment"
SUB3919,851,1,409.87,1,1,1,3,Lost
SUB3541,851,1,245.52,1,1,1,3,Lost
SUB4984,851,1,556.98,1,1,1,3,Lost
SUB3829,850,1,8718.84,1,1,3,5,Hibernation
SUB2960,849,1,189.61,1,1,1,3,Lost
SUB3751,849,1,12189.91,1,1,3,5,Hibernation
SUB2940,848,1,6585.2,1,1,2,4,Hibernation
SUB1998,845,1,212.81,1,1,1,3,Lost
SUB3108,843,1,15891.12,1,1,3,5,Hibernation
SUB4421,841,1,6213.12,1,1,2,4,Hibernation
SUB3929,841,1,13302.25,1,1,3,5,Hibernation
SUB3518,839,1,584.42,1,1,1,3,Lost
SUB2674,839,1,2796.05,1,1,1,3,Lost
SUB4136,838,1,173.9,1,1,1,3,Lost
SUB3936,838,1,15768.34,1,1,3,5,Hibernation
SUB3911,837,1,4360.77,1,1,2,4,Hibernation
SUB4825,836,1,14505.84,1,1,3,5,Hibernation
SUB2240,835,1,201.8,1,1,1,3,Lost
SUB3508,835,1,1320.75,1,1,1,3,Lost
SUB3471,834,1,1302.24,1,1,1,3,Lost
SUB1572,834,1,2202.94,1,1,1,3,Lost
SUB2469,834,1,536.47,1,1,1,3,Lost
SUB3190,834,1,120.21,1,1,1,3,Lost
SUB2592,833,1,413.61,1,1,1,3,Lost
SUB3794,832,2,2751468.04,1,3,4,8,At risk
SUB1732,831,1,1729.29,1,1,1,3,Lost
SUB1720,830,1,1619183.27,1,1,4,6,At risk
SUB2551,830,1,2536.72,1,1,1,3,Lost
SUB3286,830,3,10218.81,1,3,3,7,At risk
SUB1010,830,1,4713.7,1,1,2,4,Hibernation
SUB1234,829,1,2062.98,1,1,1,3,Lost
SUB4724,827,1,15438.4,1,1,3,5,Hibernation
SUB1621,825,1,5546.58,1,1,2,4,Hibernation
SUB1925,825,1,373.56,1,1,1,3,Lost
SUB3494,825,1,3010.66,1,1,1,3,Lost
SUB4886,824,1,1447.42,1,1,1,3,Lost
SUB3627,823,1,3492.72,1,1,2,4,Hibernation
SUB2137,822,1,756.43,1,1,1,3,Lost
SUB3356,821,1,817.79,1,1,1,3,Lost
SUB3871,820,1,1809.4,1,1,1,3,Lost
SUB4333,819,1,48.89,1,1,1,3,Lost
SUB4906,817,1,8478.51,1,1,3,5,Hibernation
SUB3334,814,1,1201.25,1,1,1,3,Lost
SUB4181,813,1,11153.61,1,1,3,5,Hibernation
SUB2989,812,1,1220.18,1,1,1,3,Lost
SUB2934,811,2,6381.05,1,2,2,5,Hibernation
SUB1198,810,1,5070.93,1,1,2,4,Hibernation
SUB1283,805,1,6032.58,1,1,2,4,Hibernation
SUB2149,805,1,2426.17,1,1,1,3,Lost
SUB3272,805,1,1070.91,1,1,1,3,Lost
SUB4645,803,1,3196.3,1,1,1,3,Lost
SUB4287,803,1,271.78,1,1,1,3,Lost
SUB3864,802,1,3734.73,1,1,2,4,Hibernation
SUB2418,800,1,3618.56,1,1,2,4,Hibernation
SUB4448,800,1,660.43,1,1,1,3,Lost
SUB1180,798,2,371.1,1,2,1,4,Hibernation
SUB1965,797,1,16253.1,1,1,4,6,At risk
SUB2518,795,1,2293.38,1,1,1,3,Lost
SUB1050,795,1,11664.72,1,1,3,5,Hibernation
SUB3869,794,1,15025.18,1,1,3,5,Hibernation
SUB1651,793,2,2923.02,1,2,1,4,Hibernation
SUB4500,792,1,361.41,1,1,1,3,Lost
SUB2033,791,1,11633.44,1,1,3,5,Hibernation
SUB1835,789,1,19137.4,1,1,4,6,At risk
SUB2205,789,1,8909.86,1,1,3,5,Hibernation
SUB3619,789,1,125.82,1,1,1,3,Lost
SUB3790,786,1,436.15,1,1,1,3,Lost
SUB4101,784,1,396.22,1,1,1,3,Lost
SUB3641,784,1,3154.14,1,1,1,3,Lost
SUB1853,784,1,16088.95,1,1,3,5,Hibernation
SUB3631,784,1,146.43,1,1,1,3,Lost
SUB3048,781,1,918.09,1,1,1,3,Lost
SUB4281,781,1,7452.37,1,1,2,4,Hibernation
SUB4935,780,1,918.0,1,1,1,3,Lost
SUB3282,780,1,60.84,1,1,1,3,Lost
SUB4517,779,1,3652.3,1,1,2,4,Hibernation
SUB1319,778,1,4967.17,1,1,2,4,Hibernation
SUB1612,775,2,7189.51,1,2,2,5,Hibernation
SUB3740,775,1,4063.84,1,1,2,4,Hibernation
SUB2062,775,1,11916.66,1,1,3,5,Hibernation
SUB2096,775,1,251684.62,1,1,4,6,At risk
SUB1246,772,2,7565.6,1,2,2,5,Hibernation
SUB3646,772,1,7562.76,1,1,2,4,Hibernation
SUB2512,771,1,3778.43,1,1,2,4,Hibernation
SUB4865,771,1,1454.45,1,1,1,3,Lost
SUB1522,770,1,278.04,1,1,1,3,Lost
SUB4451,770,1,1539.71,1,1,1,3,Lost
SUB1002,769,1,25.8,1,1,1,3,Lost
SUB1982,769,1,561.69,1,1,1,3,Lost
SUB1297,767,1,451.73,1,1,1,3,Lost
SUB1121,766,1,208.17,1,1,1,3,Lost
SUB1731,766,1,1331.8,1,1,1,3,Lost
SUB4018,763,1,279.97,1,1,1,3,Lost
SUB4700,763,1,51.9,1,1,1,3,Lost
SUB1854,763,2,7166.81,1,2,2,5,Hibernation
SUB3192,761,1,864.36,1,1,1,3,Lost
SUB1151,761,1,255.12,1,1,1,3,Lost
SUB3010,758,1,242.28,1,1,1,3,Lost
SUB1438,755,1,53.0,1,1,1,3,Lost
SUB1931,754,1,921.42,1,1,1,3,Lost
SUB4164,753,1,4385.39,1,1,2,4,Hibernation
SUB1366,752,1,13847.58,1,1,3,5,Hibernation
SUB3246,752,1,13141.73,1,1,3,5,Hibernation
SUB4128,751,1,657.69,1,1,1,3,Lost
SUB2381,750,1,16158.84,1,1,3,5,Hibernation
SUB2981,749,2,4657.75,1,2,2,5,Hibernation
SUB4334,749,1,239.09,1,1,1,3,Lost
SUB4277,746,1,2775.42,1,1,1,3,Lost
SUB2693,746,1,8728.14,1,1,3,5,Hibernation
SUB2708,746,1,5080.68,1,1,2,4,Hibernation
SUB2122,746,2,4909.05,1,2,2,5,Hibernation
SUB3846,742,1,1133.57,1,1,1,3,Lost
SUB1712,742,2,11594.71,1,2,3,6,At risk
SUB4978,740,2,2895.68,1,2,1,4,Hibernation
SUB3654,739,2,6240.41,1,2,2,5,Hibernation
SUB2579,739,1,7318.36,1,1,2,4,Hibernation
SUB4198,739,1,12469.55,1,1,3,5,Hibernation
SUB3798,738,1,7343.68,1,1,2,4,Hibernation
SUB1754,737,1,736.95,1,1,1,3,Lost
SUB4970,736,1,7503.75,1,1,2,4,Hibernation
SUB2419,735,1,1883.9,1,1,1,3,Lost
SUB4572,734,1,4184.14,1,1,2,4,Hibernation
SUB1930,733,2,3874.6,1,2,2,5,Hibernation
SUB3940,732,1,14313.55,1,1,3,5,Hibernation
SUB2880,732,1,5690.73,1,1,2,4,Hibernation
SUB3555,728,1,204.3,1,1,1,3,Lost
SUB1077,727,1,14409.6,1,1,3,5,Hibernation
SUB2838,726,1,4038.72,1,1,2,4,Hibernation
SUB2439,725,1,285.69,1,1,1,3,Lost
SUB4409,725,1,7072.9,1,1,2,4,Hibernation
SUB3727,725,1,2775.2,1,1,1,3,Lost
SUB4410,722,1,304.79,1,1,1,3,Lost
SUB1038,720,2,5319.85,1,2,2,5,Hibernation
SUB4376,715,1,652.46,1,1,1,3,Lost
SUB3909,715,1,594.22,1,1,1,3,Lost
SUB2831,714,3,12981.69,1,3,3,7,At risk
SUB3577,714,1,1949.63,1,1,1,3,Lost
SUB4973,713,1,473.29,1,1,1,3,Lost
SUB2484,711,3,10309.67,1,3,3,7,At risk
SUB2331,710,1,229.89,1,1,1,3,Lost
SUB1920,710,2,1725792.64,1,3,4,8,At risk
SUB2275,709,2,5542.61,1,2,2,5,Hibernation
SUB1329,708,1,4375.6,1,1,2,4,Hibernation
SUB3595,707,1,2174.64,1,1,1,3,Lost
SUB3976,704,1,2287.1,1,1,1,3,Lost
SUB1384,703,1,9860.7,1,1,3,5,Hibernation
SUB1482,702,1,14365.79,1,1,3,5,Hibernation
SUB4804,701,1,3880.37,1,1,2,4,Hibernation
SUB4996,701,1,8725.49,1,1,3,5,Hibernation
SUB3473,701,1,5545.74,1,1,2,4,Hibernation
SUB2301,700,1,426.2,1,1,1,3,Lost
SUB2987,700,1,51887.67,1,1,4,6,At risk
SUB3633,700,2,17369.45,1,3,4,8,At risk
SUB4715,699,1,4529.13,1,1,2,4,Hibernation
SUB4241,698,1,1326.0,1,1,1,3,Lost
SUB2812,698,1,4359.48,1,1,2,4,Hibernation
SUB4943,697,1,4214.88,1,1,2,4,Hibernation
SUB2645,696,1,2739.1,1,1,1,3,Lost
SUB1265,696,2,5435.49,1,2,2,5,Hibernation
SUB2947,692,1,2033.19,1,1,1,3,Lost
SUB4823,692,1,2850.97,1,1,1,3,Lost
SUB4111,692,1,638.01,1,1,1,3,Lost
SUB3140,690,1,3104.64,1,1,1,3,Lost
SUB2743,687,1,2283.74,1,1,1,3,Lost
SUB1641,686,2,2972.53,1,2,1,4,Hibernation
SUB2358,686,1,356492.57,1,1,4,6,At risk
SUB1880,685,1,3564.18,1,1,2,4,Hibernation
SUB1935,684,2,3567.29,1,2,2,5,Hibernation
SUB1683,684,2,8399.43,1,2,2,5,Hibernation
SUB2482,684,1,3131.18,1,1,1,3,Lost
SUB1821,684,1,181.03,1,1,1,3,Lost
SUB1995,683,3,3600.22,1,3,2,6,At risk
SUB3681,683,1,3693.1,1,1,2,4,Hibernation
SUB4220,683,1,105.52,1,1,1,3,Lost
SUB2423,682,2,5062.42,1,2,2,5,Hibernation
SUB2955,681,1,3580.31,1,1,2,4,Hibernation
SUB1934,680,1,240.25,1,1,1,3,Lost
SUB1518,679,1,46.05,1,1,1,3,Lost
SUB2718,678,1,387.78,1,1,1,3,Lost
SUB2396,678,1,132.97,1,1,1,3,Lost
SUB4156,678,2,9135.99,1,2,3,6,At risk
SUB2072,678,1,7349.81,1,1,2,4,Hibernation
SUB2690,678,1,286037.75,1,1,4,6,At risk
SUB1886,674,2,7021.17,1,2,2,5,Hibernation
SUB1425,674,2,953.33,1,2,1,4,Hibernation
SUB2928,673,1,12165.19,1,1,3,5,Hibernation
SUB2212,672,1,1758.87,1,1,1,3,Lost
SUB3854,672,1,230.04,1,1,1,3,Lost
SUB3937,671,4,18210.53,1,4,4,9,Loyal
SUB1740,670,1,3933.51,1,1,2,4,Hibernation
SUB4370,666,1,893.39,1,1,1,3,Lost
SUB2424,666,2,704.45,1,2,1,4,Hibernation
SUB3195,665,1,2102.94,1,1,1,3,Lost
SUB3604,665,1,355.65,1,1,1,3,Lost
SUB2870,663,1,2640.08,1,1,1,3,Lost
SUB2849,663,1,5206.41,1,1,2,4,Hibernation
SUB2108,663,2,1906689.65,1,3,4,8,At risk
SUB4675,663,1,144.23,1,1,1,3,Lost
SUB2635,662,1,13612.72,1,1,3,5,Hibernation
SUB4637,662,1,480.61,1,1,1,3,Lost
SUB1697,661,1,4312.8,1,1,2,4,Hibernation
SUB3898,660,1,84.44,1,1,1,3,Lost
SUB4030,659,2,2096.51,1,2,1,4,Hibernation
SUB2689,658,1,15096.7,1,1,3,5,Hibernation
SUB2447,657,2,5920.72,1,2,2,5,Hibernation
SUB1993,657,1,218.66,1,1,1,3,Lost
SUB3856,657,2,10082.85,1,2,3,6,At risk
SUB2164,656,1,990.22,1,1,1,3,Lost
SUB2639,653,1,5167.73,1,1,2,4,Hibernation
SUB1884,652,2,1161.45,1,2,1,4,Hibernation
SUB1875,650,2,7869.03,1,2,2,5,Hibernation
SUB2536,650,2,6085.17,1,2,2,5,Hibernation
SUB3656,649,3,992.73,1,3,1,5,Hibernation
SUB1789,648,1,1615.92,1,1,1,3,Lost
SUB2612,647,1,4809.91,1,1,2,4,Hibernation
SUB4313,646,1,11279.67,1,1,3,5,Hibernation
SUB2882,645,1,1313.66,1,1,1,3,Lost
SUB1541,645,1,5901.48,1,1,2,4,Hibernation
SUB4035,645,2,25923.12,1,3,4,8,At risk
SUB2669,645,1,2546.32,1,1,1,3,Lost
SUB4003,643,4,21990.86,1,4,4,9,Loyal
SUB4229,643,1,3432.45,1,1,2,4,Hibernation
SUB1508,643,2,1231.92,1,2,1,4,Hibernation
SUB2821,642,2,22350.77,1,3,4,8,At risk
SUB2218,642,1,7155.0,1,1,2,4,Hibernation
SUB2646,641,1,2191.7,1,1,1,3,Lost
SUB1178,641,3,13718.45,1,3,3,7,At risk
SUB4842,640,1,3316.44,1,1,1,3,Lost
SUB3688,639,2,16351.0,1,2,4,7,At risk
SUB1708,638,1,32.49,1,1,1,3,Lost
SUB3052,638,2,3789.19,1,2,2,5,Hibernation
SUB1544,638,1,3597.41,1,1,2,4,Hibernation
SUB1627,638,1,1113.46,1,1,1,3,Lost
SUB3649,637,3,24544.23,1,3,4,8,At risk
SUB1870,637,2,6789.26,1,2,2,5,Hibernation
SUB3658,636,1,450.24,1,1,1,3,Lost
SUB1671,635,1,1270.07,1,1,1,3,Lost
SUB1315,635,1,12927.84,1,1,3,5,Hibernation
SUB3380,635,2,2860.14,1,2,1,4,Hibernation
SUB4884,634,1,790.9,1,1,1,3,Lost
SUB3289,634,1,2340.66,1,1,1,3,Lost
SUB1460,633,2,9122.1,1,2,3,6,At risk
SUB3530,632,2,16167.22,1,2,3,6,At risk
SUB4745,631,2,5180.18,1,2,2,5,Hibernation
SUB2787,629,3,24767.71,1,3,4,8,At risk
SUB1042,627,2,11121.7,1,2,3,6,At risk
SUB2226,627,2,19700.34,1,3,4,8,At risk
SUB3051,626,3,112759.45,1,3,4,8,At risk
SUB3088,626,2,6603.17,1,2,2,5,Hibernation
SUB3459,625,1,14930.8,1,1,3,5,Hibernation
SUB4982,624,1,5323.29,1,1,2,4,Hibernation
SUB2079,624,2,2151.49,1,2,1,4,Hibernation
SUB4843,624,1,16.12,1,1,1,3,Lost
SUB1153,624,1,465.43,1,1,1,3,Lost
SUB4547,623,1,2243.86,1,1,1,3,Lost
SUB3880,623,1,141.3,1,1,1,3,Lost
SUB4871,622,2,18864.83,1,3,4,8,At risk
SUB4719,622,3,2091.36,1,3,1,5,Hibernation
SUB1484,621,1,8210.86,1,1,2,4,Hibernation
SUB1037,621,1,2380.29,1,1,1,3,Lost
SUB1229,621,1,1058.06,1,1,1,3,Lost
SUB2399,621,1,17527.5,1,1,4,6,At risk
SUB1007,620,1,4247.32,1,1,2,4,Hibernation
SUB1856,620,2,10034.3,1,2,3,6,At risk
SUB4922,619,2,126.75,1,1,1,3,Lost
SUB3948,619,1,264995.84,1,1,4,6,At risk
SUB2637,619,3,3033.07,1,3,1,5,Hibernation
SUB2535,618,3,9141.87,1,3,3,7,At risk
SUB2441,618,2,6316.55,1,2,2,5,Hibernation
SUB2984,616,2,13508.97,1,2,3,6,At risk
SUB4665,616,2,17505.05,1,3,4,8,At risk
SUB4071,615,1,1975.14,1,1,1,3,Lost
SUB4329,614,1,3396.35,1,1,1,3,Lost
SUB3568,614,2,8740.72,1,2,3,6,At risk
SUB4573,612,1,5515.4,1,1,2,4,Hibernation
SUB3715,612,2,26973.4,1,3,4,8,At risk
SUB2625,612,1,4532.01,1,1,2,4,Hibernation
SUB4280,611,1,90.07,1,1,1,3,Lost
SUB1846,611,2,2245.56,1,2,1,4,Hibernation
SUB1432,610,2,9005.22,1,2,3,6,At risk
SUB2451,610,2,9798.52,1,2,3,6,At risk
SUB2456,609,2,15073.57,1,2,3,6,At risk
SUB2305,609,1,79.02,1,1,1,3,Lost
SUB2356,609,2,4935.34,1,2,2,5,Hibernation
SUB4562,608,1,1295.84,1,1,1,3,Lost
SUB1745,608,3,7626.79,1,3,2,6,At risk
SUB2714,607,1,2145.04,1,1,1,3,Lost
SUB1287,607,1,740.52,1,1,1,3,Lost
SUB1714,607,1,2459.91,1,1,1,3,Lost
SUB3599,606,2,749027.62,1,3,4,8,At risk
SUB3364,604,2,899.73,1,2,1,4,Hibernation
SUB4768,603,1,6846.63,1,1,2,4,Hibernation
SUB1128,602,1,10946.24,1,1,3,5,Hibernation
SUB1326,601,1,4277.77,1,1,2,4,Hibernation
SUB4208,601,3,4294.38,1,3,2,6,At risk
SUB2912,600,2,23267.37,1,3,4,8,At risk
SUB2548,600,1,1927.83,1,1,1,3,Lost
SUB1272,600,1,837.33,1,1,1,3,Lost
SUB2643,598,2,1369.97,1,2,1,4,Hibernation
SUB4433,598,1,6821.57,1,1,2,4,Hibernation
SUB4668,597,1,3187.26,1,1,1,3,Lost
SUB1673,597,4,190857.43,1,4,4,9,Loyal
SUB2956,597,1,228.94,1,1,1,3,Lost
SUB1057,595,1,4618.68,1,1,2,4,Hibernation
SUB3827,595,3,2531.87,1,3,1,5,Hibernation
SUB4652,594,2,7273.35,1,2,2,5,Hibernation
SUB3322,594,1,3621.65,1,1,2,4,Hibernation
SUB4183,592,3,407664.63,1,3,4,8,At risk
SUB1590,592,1,5056.22,1,1,2,4,Hibernation
SUB1082,591,1,305692.62,1,1,4,6,At risk
SUB4855,591,3,14039.04,1,3,3,7,At risk
SUB4249,591,2,401.07,1,2,1,4,Hibernation
SUB3180,591,1,4.15,1,1,1,3,Lost
SUB1890,591,1,4200.97,1,1,2,4,Hibernation
SUB3120,591,1,864.69,1,1,1,3,Lost
SUB3357,591,1,6211.08,1,1,2,4,Hibernation
SUB1022,589,1,4611.53,1,1,2,4,Hibernation
SUB4770,589,1,412.89,1,1,1,3,Lost
SUB1749,589,1,1401.54,1,1,1,3,Lost
SUB2886,588,2,12122.46,1,2,3,6,At risk
SUB4878,588,1,20.41,1,1,1,3,Lost
SUB1106,587,1,3702.67,1,1,2,4,Hibernation
SUB2171,587,2,10298.57,1,2,3,6,At risk
SUB4840,585,4,12363.43,1,4,3,8,At risk
SUB3970,584,3,2376.47,1,3,1,5,Hibernation
SUB2084,583,2,15499.61,1,2,3,6,At risk
SUB4250,583,1,10630.58,1,1,3,5,Hibernation
SUB1008,581,2,4930.86,1,2,2,5,Hibernation
SUB1144,581,1,1804.74,1,1,1,3,Lost
SUB2146,578,1,351.87,1,1,1,3,Lost
SUB4849,577,1,4478.88,1,1,2,4,Hibernation
SUB4393,577,1,8470.0,1,1,2,4,Hibernation
SUB3224,577,2,29768.91,1,3,4,8,At risk
SUB2169,577,1,2918.74,1,1,1,3,Lost
SUB2750,577,2,8806.72,1,2,3,6,At risk
SUB2201,577,2,9374.76,1,2,3,6,At risk
SUB3697,576,2,11205.28,1,2,3,6,At risk
SUB3311,576,2,15315.18,1,2,3,6,At risk
SUB1023,576,3,7827.67,1,3,2,6,At risk
SUB3930,575,2,4015.9,1,2,2,5,Hibernation
SUB2778,575,2,14942.09,1,2,3,6,At risk
SUB4523,575,2,9620.37,1,2,3,6,At risk
SUB1182,575,1,13202.0,1,1,3,5,Hibernation
SUB2293,574,1,2072.8,1,1,1,3,Lost
SUB2335,573,1,2638.88,1,1,1,3,Lost
SUB3733,573,1,154.05,1,1,1,3,Lost
SUB3160,573,1,5082.83,1,1,2,4,Hibernation
SUB3342,573,3,13256.58,1,3,3,7,At risk
SUB4240,573,2,14293.68,1,2,3,6,At risk
SUB2444,572,1,1589.67,1,1,1,3,Lost
SUB4034,571,3,10907.59,1,4,3,8,At risk
SUB4202,570,2,7091.14,1,2,2,5,Hibernation
SUB3179,569,1,13043.7,1,1,3,5,Hibernation
SUB4793,568,1,98.2,1,1,1,3,Lost
SUB1203,567,1,100.46,1,1,1,3,Lost
SUB3116,567,2,8051.88,1,2,2,5,Hibernation
SUB3495,567,2,17959.09,1,3,4,8,At risk
SUB4632,567,1,75.47,1,1,1,3,Lost
SUB1473,566,2,3674.79,1,2,2,5,Hibernation
SUB4112,566,1,423602.43,1,1,4,6,At risk
SUB4712,565,1,151.16,1,1,1,3,Lost
SUB3169,565,2,17325.8,1,3,4,8,At risk
SUB1702,565,1,94.86,1,1,1,3,Lost
SUB2936,564,2,2407.89,1,2,1,4,Hibernation
SUB1663,563,1,9735.12,1,1,3,5,Hibernation
SUB2754,562,1,646773.04,1,1,4,6,At risk
SUB3557,562,1,167.99,1,1,1,3,Lost
SUB4149,561,1,4499.78,1,1,2,4,Hibernation
SUB2388,561,2,6686.8,1,2,2,5,Hibernation
SUB1804,560,4,7316.6,1,4,2,7,At risk
SUB4633,559,2,914794.46,1,3,4,8,At risk
SUB4116,559,1,4729.2,1,1,2,4,Hibernation
SUB1081,557,2,1848.47,1,2,1,4,Hibernation
SUB2046,556,1,3413.73,1,1,2,4,Hibernation
SUB3590,555,1,5723.05,1,1,2,4,Hibernation
SUB2463,555,1,353.13,1,1,1,3,Lost
SUB2254,555,2,830.04,1,2,1,4,Hibernation
SUB1585,554,2,4575.74,1,2,2,5,Hibernation
SUB1608,554,1,167.47,1,1,1,3,Lost
SUB2428,554,1,8404.31,1,1,2,4,Hibernation
SUB4912,552,1,167.44,1,1,1,3,Lost
SUB2189,552,2,2079.5,1,2,1,4,Hibernation
SUB1100,552,1,8704.85,1,1,3,5,Hibernation
SUB1068,551,1,607.67,1,1,1,3,Lost
SUB4530,551,1,5215.12,1,1,2,4,Hibernation
SUB1850,550,1,26.47,1,1,1,3,Lost
SUB1700,550,2,8223.35,1,2,2,5,Hibernation
SUB4403,549,2,9776.58,1,2,3,6,At risk
SUB2296,549,1,6324.84,1,1,2,4,Hibernation
SUB3862,549,2,34726413.9,1,3,4,8,At risk
SUB3204,548,2,13603.36,1,2,3,6,At risk
SUB3905,547,2,14020.04,1,2,3,6,At risk
SUB4168,547,2,2429.9,1,2,1,4,Hibernation
SUB4803,546,2,3717.19,1,2,2,5,Hibernation
SUB3412,546,2,5311.83,1,2,2,5,Hibernation
SUB4478,545,2,8934.47,1,2,3,6,At risk
SUB2842,545,1,4153.91,1,1,2,4,Hibernation
SUB2742,544,1,1738.31,1,1,1,3,Lost
SUB3760,544,3,20888.06,1,3,4,8,At risk
SUB2025,543,2,6264.5,1,2,2,5,Hibernation
SUB1274,542,3,16631.45,1,4,4,9,Loyal
SUB2262,541,2,704.45,1,2,1,4,Hibernation
SUB1348,540,2,6041.88,1,2,2,5,Hibernation
SUB1466,538,2,1089.25,1,2,1,4,Hibernation
SUB3421,538,1,3405.6,1,1,2,4,Hibernation
SUB1402,538,1,2687.71,1,1,1,3,Lost
SUB4296,537,2,5311.27,1,2,2,5,Hibernation
SUB3991,537,2,5580.25,1,2,2,5,Hibernation
SUB3556,537,2,8506.7,1,2,3,6,At risk
SUB2631,537,1,313.41,1,1,1,3,Lost
SUB1769,536,3,83225.48,1,3,4,8,At risk
SUB1966,535,2,9067.61,1,2,3,6,At risk
SUB4510,532,1,3811.63,1,1,2,4,Hibernation
SUB2249,532,1,1729.0,1,1,1,3,Lost
SUB3704,531,1,17087.19,1,1,4,6,At risk
SUB1430,531,1,35.55,1,1,1,3,Lost
SUB3571,531,3,6239.86,1,3,2,6,At risk
SUB2538,529,3,6414.93,1,3,2,6,At risk
SUB2591,529,1,3858.01,1,1,2,4,Hibernation
SUB1864,529,1,607.08,1,1,1,3,Lost
SUB1538,528,2,6105.89,1,2,2,5,Hibernation
SUB4090,528,2,643.14,1,2,1,4,Hibernation
SUB4432,528,1,3156.43,1,1,1,3,Lost
SUB2312,528,3,5633.13,1,3,2,6,At risk
SUB4557,527,3,22800.34,1,3,4,8,At risk
SUB3657,526,2,1598.38,1,2,1,4,Hibernation
SUB2260,526,3,2841.48,1,3,1,5,Hibernation
SUB2256,524,2,14619.23,1,2,3,6,At risk
SUB3326,524,2,4286.85,1,2,2,5,Hibernation
SUB3872,524,2,4516.9,1,2,2,5,Hibernation
SUB3666,522,2,4224.25,1,2,2,5,Hibernation
SUB2461,522,3,16924.73,1,4,4,9,Loyal
SUB4892,522,1,289.88,1,1,1,3,Lost
SUB1166,522,1,2632.35,1,1,1,3,Lost
SUB2269,521,2,8874.72,1,2,3,6,At risk
SUB1490,521,3,9104.8,1,3,3,7,At risk
SUB4332,519,3,17118.07,1,4,4,9,Loyal
SUB2067,519,1,3799.57,1,1,2,4,Hibernation
SUB1709,519,3,4428.19,1,3,2,6,At risk
SUB2793,518,1,331.4,1,1,1,3,Lost
SUB1528,518,1,221.38,1,1,1,3,Lost
SUB3876,517,2,24540.9,1,3,4,8,At risk
SUB4460,516,4,1504.38,1,4,1,6,At risk
SUB3964,515,2,1008.32,1,2,1,4,Hibernation
SUB4037,515,2,10515.6,1,2,3,6,At risk
SUB3227,515,1,432.45,1,1,1,3,Lost
SUB4493,515,2,9174.33,1,2,3,6,At risk
SUB3814,515,1,1479.23,1,1,1,3,Lost
SUB2826,514,1,3950.93,1,1,2,4,Hibernation
SUB3304,513,4,11181.56,1,4,3,8,At risk
SUB3414,513,4,8219.89,1,4,2,7,At risk
SUB4618,512,2,15814.64,1,2,3,6,At risk
SUB2710,511,3,6843.05,1,3,2,6,At risk
SUB3855,510,3,5651.82,1,3,2,6,At risk
SUB2051,510,3,22201.96,1,3,4,8,At risk
SUB1026,510,2,15126.7,1,2,3,6,At risk
SUB4995,510,1,276.76,1,1,1,3,Lost
SUB2018,510,2,6494.59,1,2,2,5,Hibernation
SUB3314,508,1,390.67,1,1,1,3,Lost
SUB4469,508,1,285.15,1,1,1,3,Lost
SUB1778,507,3,13306.73,1,3,3,7,At risk
SUB2139,507,1,935.46,1,1,1,3,Lost
SUB3104,505,1,3207.32,1,1,1,3,Lost
SUB4638,505,3,10677.14,1,3,3,7,At risk
SUB2135,505,2,1306.08,1,2,1,4,Hibernation
SUB3891,504,2,10504.83,1,2,3,6,At risk
SUB2020,504,3,24645.74,1,3,4,8,At risk
SUB2088,504,2,6134.68,1,2,2,5,Hibernation
SUB4985,504,2,19414.11,1,3,4,8,At risk
SUB4350,504,1,2538.25,1,1,1,3,Lost
SUB4105,503,1,2741.2,1,1,1,3,Lost
SUB4363,503,1,3007.85,1,1,1,3,Lost
SUB4661,500,1,860.62,1,1,1,3,Lost
SUB1442,500,1,1189.22,1,1,1,3,Lost
SUB1020,500,2,8699.87,1,2,3,6,At risk
SUB1604,500,1,2405.8,1,1,1,3,Lost
SUB4630,500,2,9444.57,1,2,3,6,At risk
SUB2728,499,4,17632.52,1,4,4,9,Loyal
SUB1213,499,2,4422.64,1,2,2,5,Hibernation
SUB2995,499,3,14050.8,1,3,3,7,At risk
SUB4348,498,2,2269.62,1,2,1,4,Hibernation
SUB4629,497,2,3949.73,1,2,2,5,Hibernation
SUB2739,496,2,768.27,1,2,1,4,Hibernation
SUB1141,496,4,17682.87,1,4,4,9,Loyal
SUB4148,496,1,3948.48,1,1,2,4,Hibernation
SUB2414,495,1,82.59,1,1,1,3,Lost
SUB2040,495,1,2148.86,1,1,1,3,Lost
SUB4505,494,2,6057.0,1,2,2,5,Hibernation
SUB1296,493,2,786.93,1,2,1,4,Hibernation
SUB4923,493,2,2091.23,1,2,1,4,Hibernation
SUB1090,492,1,12000.2,1,1,3,5,Hibernation
SUB2696,492,4,204521.4,1,4,4,9,Loyal
SUB2364,491,2,1955.09,1,2,1,4,Hibernation
SUB1406,491,3,14716.28,1,3,3,7,At risk
SUB1497,491,5,7132.73,1,4,2,7,At risk
SUB2978,490,1,194.87,1,1,1,3,Lost
SUB1614,489,2,9011.05,1,2,3,6,At risk
SUB2655,489,2,689.78,1,2,1,4,Hibernation
SUB4097,488,2,848203.83,1,3,4,8,At risk
SUB4924,488,3,14790.89,1,3,3,7,At risk
SUB4705,488,1,83.65,1,1,1,3,Lost
SUB4522,488,1,3068.55,1,1,1,3,Lost
SUB3324,487,2,3661.38,1,2,2,5,Hibernation
SUB1849,487,2,841.02,1,2,1,4,Hibernation
SUB1536,486,1,1282.7,1,1,1,3,Lost
SUB1496,485,1,4507.02,1,1,2,4,Hibernation
SUB3890,482,3,709022.73,1,3,4,8,At risk
SUB4447,482,2,8857.66,1,2,3,6,At risk
SUB2048,482,3,5547.96,1,3,2,6,At risk
SUB2547,482,1,2163.56,1,1,1,3,Lost
SUB2093,480,1,599.94,1,1,1,3,Lost
SUB3785,480,3,1645.71,1,3,1,5,Hibernation
SUB3543,479,1,23635.19,1,1,4,6,At risk
SUB1064,479,2,4080.47,1,2,2,5,Hibernation
SUB3127,478,2,2528.81,1,2,1,4,Hibernation
SUB2233,478,2,3938.34,1,2,2,5,Hibernation
SUB3386,478,3,12000.38,1,3,3,7,At risk
SUB1134,477,2,8008.73,1,2,2,5,Hibernation
SUB1545,477,2,7719.46,1,2,2,5,Hibernation
SUB2507,477,2,16409.67,1,2,4,7,At risk
SUB4455,477,3,5993.61,1,3,2,6,At risk
SUB3095,477,2,6606.83,1,2,2,5,Hibernation
SUB3432,476,1,359.45,1,1,1,3,Lost
SUB3921,475,2,1660.83,1,2,1,4,Hibernation
SUB4902,474,3,4457.5,1,3,2,6,At risk
SUB2578,474,3,6088.87,1,3,2,6,At risk
SUB3613,473,1,4571.1,1,1,2,4,Hibernation
SUB4449,472,1,15635.67,1,1,3,5,Hibernation
SUB2138,472,4,19549.72,1,4,4,9,Loyal
SUB2583,472,1,6049.64,1,1,2,4,Hibernation
SUB3680,472,3,12198.01,1,3,3,7,At risk
SUB3903,471,1,4050.24,1,1,2,4,Hibernation
SUB2397,471,2,3099.18,1,2,1,4,Hibernation
SUB2944,471,1,4953.85,1,1,2,4,Hibernation
SUB1127,471,1,29.55,1,1,1,3,Lost
SUB4895,470,1,1215.8,1,1,1,3,Lost
SUB4430,469,1,3114.0,1,1,1,3,Lost
SUB2004,469,2,6396.34,1,2,2,5,Hibernation
SUB3331,469,2,4323.4,1,2,2,5,Hibernation
SUB1181,468,1,10688.16,1,1,3,5,Hibernation
SUB2379,468,2,3025.94,1,2,1,4,Hibernation
SUB2634,467,1,11519.98,1,1,3,5,Hibernation
SUB3839,467,3,11896.23,1,3,3,7,At risk
SUB1969,466,2,18784.62,1,3,4,8,At risk
SUB4336,464,1,164.25,1,1,1,3,Lost
SUB4824,462,2,5015.63,1,2,2,5,Hibernation
SUB2081,462,1,2435.42,1,1,1,3,Lost
SUB3860,462,1,6281.02,1,1,2,4,Hibernation
SUB1761,461,1,3876.0,1,1,2,4,Hibernation
SUB2975,459,1,1960.82,1,1,1,3,Lost
SUB2432,459,3,7714.35,1,3,2,6,At risk
SUB3103,458,1,570.63,1,1,1,3,Lost
SUB3302,458,1,1150.13,1,1,1,3,Lost
SUB4685,458,1,2568.41,1,1,1,3,Lost
SUB1356,458,1,985.25,1,1,1,3,Lost
SUB3836,457,2,8047.68,1,2,2,5,Hibernation
SUB4549,457,1,71.37,1,1,1,3,Lost
SUB4283,457,2,8792.0,1,2,3,6,At risk
SUB3101,456,2,211673.37,1,3,4,8,At risk
SUB4731,455,1,172.3,1,1,1,3,Lost
SUB1130,455,2,3317.06,1,2,1,4,Hibernation
SUB2474,454,1,10402.73,1,1,3,5,Hibernation
SUB4386,454,1,377.53,1,1,1,3,Lost
SUB2207,453,2,138.65,1,1,1,3,Lost
SUB4114,453,1,873.8,1,1,1,3,Lost
SUB2117,451,1,2363.03,1,1,1,3,Lost
SUB2263,451,1,2135.36,1,1,1,3,Lost
SUB3141,450,1,4920.85,1,1,2,4,Hibernation
SUB1716,450,1,7462.2,1,1,2,4,Hibernation
SUB2872,449,2,4806.21,1,2,2,5,Hibernation
SUB1558,449,1,1216.42,1,1,1,3,Lost
SUB4331,449,1,6925.52,1,1,2,4,Hibernation
SUB1828,448,1,3683.1,1,1,2,4,Hibernation
SUB2905,448,2,3348.92,1,2,1,4,Hibernation
SUB2437,448,1,1687039.88,1,1,4,6,At risk
SUB4347,447,1,3473.17,1,1,2,4,Hibernation
SUB2168,447,2,927.6,1,2,1,4,Hibernation
SUB3913,447,1,554.1,1,1,1,3,Lost
SUB2010,446,1,14705.17,1,1,3,5,Hibernation
SUB2466,446,3,12141.37,1,3,3,7,At risk
SUB2402,446,3,13604.01,1,3,3,7,At risk
SUB3335,446,4,3039.08,1,4,1,6,At risk
SUB4894,445,2,14279.54,1,2,3,6,At risk
SUB2436,445,2,15156.7,1,2,3,6,At risk
SUB4615,444,2,4156.92,1,2,2,5,Hibernation
SUB1751,444,1,3298.32,1,1,1,3,Lost
SUB3946,443,4,9226.0,1,4,3,8,At risk
SUB1795,442,1,513066.4,1,1,4,6,At risk
SUB3445,442,3,12480.59,1,3,3,7,At risk
SUB4424,441,1,12183.6,1,1,3,5,Hibernation
SUB2314,441,2,9709.78,1,2,3,6,At risk
SUB3922,440,4,9510.02,1,4,3,8,At risk
SUB3927,439,1,80.11,1,1,1,3,Lost
SUB4355,439,2,7374.31,1,2,2,5,Hibernation
SUB1092,439,2,30294.07,1,3,4,8,At risk
SUB4931,437,2,1285.48,1,2,1,4,Hibernation
SUB1491,437,1,3132.67,1,1,1,3,Lost
SUB4436,436,2,14437.33,1,2,3,6,At risk
SUB2303,436,3,12156.86,1,3,3,7,At risk
SUB2511,435,2,3252.04,1,2,1,4,Hibernation
SUB3885,434,2,8031.05,1,2,2,5,Hibernation
SUB2288,434,2,43614.66,1,3,4,8,At risk
SUB4778,433,3,3470.76,1,3,2,6,At risk
SUB4499,433,1,7544.18,1,1,2,4,Hibernation
SUB4654,433,1,117.61,1,1,1,3,Lost
SUB1189,433,1,1767.38,1,1,1,3,Lost
SUB4914,433,1,7454.52,1,1,2,4,Hibernation
SUB1974,432,2,2557.05,1,2,1,4,Hibernation
SUB3553,431,3,20877.61,1,3,4,8,At risk
SUB2163,431,3,6054.68,1,3,2,6,At risk
SUB2292,430,1,637.72,1,1,1,3,Lost
SUB1877,430,5,78877.38,1,4,4,9,Loyal
SUB1782,430,2,12878.61,1,2,3,6,At risk
SUB1781,430,1,468.0,1,1,1,3,Lost
SUB3096,429,2,18344.87,1,3,4,8,At risk
SUB2542,429,2,16983.97,1,3,4,8,At risk
SUB2648,429,2,3116.71,1,2,1,4,Hibernation
SUB4568,429,2,9336.6,1,2,3,6,At risk
SUB1906,428,3,12904.03,1,3,3,7,At risk
SUB2431,428,2,6929.84,1,2,2,5,Hibernation
SUB1437,427,3,13570.05,1,3,3,7,At risk
SUB1162,426,1,2465.48,1,1,1,3,Lost
SUB2935,426,1,310.75,1,1,1,3,Lost
SUB2401,426,2,4155.11,1,2,2,5,Hibernation
SUB2820,426,2,1796.74,1,2,1,4,Hibernation
SUB2566,426,3,6637.89,1,3,2,6,At risk
SUB1186,424,1,1170.13,1,1,1,3,Lost
SUB4612,424,1,5714.74,1,1,2,4,Hibernation
SUB1997,424,4,12138.72,1,4,3,8,At risk
SUB4058,424,4,16472.27,1,4,4,9,Loyal
SUB1364,424,1,1372978.28,1,1,4,6,At risk
SUB3965,424,2,15004.41,1,2,3,6,At risk
SUB4085,423,6,21447.86,1,4,4,9,Loyal
SUB3275,423,3,20004.13,1,3,4,8,At risk
SUB2155,423,1,1472.4,1,1,1,3,Lost
SUB4620,423,1,3743.14,1,1,2,4,Hibernation
SUB4072,422,1,11635.26,1,1,3,5,Hibernation
SUB1917,421,2,8231.57,1,2,2,5,Hibernation
SUB3387,421,2,11662.17,1,2,3,6,At risk
SUB3081,421,2,2323954.37,1,3,4,8,At risk
SUB4707,420,1,665.87,1,1,1,3,Lost
SUB3431,420,4,13033.19,1,4,3,8,At risk
SUB4063,420,1,4912.6,1,1,2,4,Hibernation
SUB2336,420,2,6669.4,1,2,2,5,Hibernation
SUB1896,420,3,8988.56,1,3,3,7,At risk
SUB1991,420,1,16188.08,1,1,4,6,At risk
SUB1756,419,2,2412.57,1,2,1,4,Hibernation
SUB4342,419,3,493606.09,1,4,4,9,Loyal
SUB1743,419,4,20600.62,1,4,4,9,Loyal
SUB1912,418,1,443.66,1,1,1,3,Lost
SUB1565,417,2,7785.1,1,2,2,5,Hibernation
SUB1175,417,2,6654.17,1,2,2,5,Hibernation
SUB4479,417,3,25498.36,1,3,4,8,At risk
SUB3735,417,2,3644.9,1,2,2,5,Hibernation
SUB2985,417,3,21585.95,1,3,4,8,At risk
SUB1547,417,2,863.0,1,2,1,4,Hibernation
SUB4753,416,3,18764.31,1,3,4,8,At risk
SUB2174,416,2,761.17,1,2,1,4,Hibernation
SUB4527,416,4,35458.06,1,4,4,9,Loyal
SUB1325,415,2,7561.16,1,2,2,5,Hibernation
SUB1278,415,1,9500.64,1,1,3,5,Hibernation
SUB3308,415,2,2657.02,1,2,1,4,Hibernation
SUB2485,414,1,159.61,1,1,1,3,Lost
SUB1170,414,2,2480.4,1,2,1,4,Hibernation
SUB2246,413,3,2394.03,1,3,1,5,Hibernation
SUB4463,413,2,454.83,1,2,1,4,Hibernation
SUB2383,412,1,4576.72,1,1,2,4,Hibernation
SUB3472,412,2,962.25,1,2,1,4,Hibernation
SUB4558,412,2,6115.35,1,2,2,5,Hibernation
SUB2918,411,1,2184.22,1,1,1,3,Lost
SUB1885,410,2,8991.54,1,2,3,6,At risk
SUB3569,410,2,4617.2,1,2,2,5,Hibernation
SUB3759,410,1,676.34,1,1,1,3,Lost
SUB3483,409,1,5244.38,1,1,2,4,Hibernation
SUB4977,409,1,84.66,1,1,1,3,Lost
SUB3283,408,1,105.17,1,1,1,3,Lost
SUB2753,408,3,11068.82,1,3,3,7,At risk
SUB1710,408,3,1240446.56,1,3,4,8,At risk
SUB3063,408,3,16975.31,1,4,4,9,Loyal
SUB1863,408,2,873884.61,1,3,4,8,At risk
SUB3716,407,1,10894.51,1,1,3,5,Hibernation
SUB1035,406,5,6856.21,1,4,2,7,At risk
SUB4418,406,2,8670.77,1,2,3,6,At risk
SUB3452,406,2,4674.73,1,2,2,5,Hibernation
SUB3833,406,1,877.4,1,1,1,3,Lost
SUB3411,406,3,14266.46,1,3,3,7,At risk
SUB2766,406,1,7777.3,1,1,2,4,Hibernation
SUB4371,405,2,3566.61,1,2,2,5,Hibernation
SUB1726,404,3,24322.52,1,3,4,8,At risk
SUB3852,404,3,8256.42,1,3,2,6,At risk
SUB4617,404,3,8424.38,1,3,2,6,At risk
SUB4766,404,2,1039593.92,1,3,4,8,At risk
SUB4142,403,1,2800.16,1,1,1,3,Lost
SUB1226,403,1,8324.36,1,1,2,4,Hibernation
SUB2649,403,4,21144.46,1,4,4,9,Loyal
SUB2377,403,3,10689.72,1,3,3,7,At risk
SUB1794,402,5,10850.03,1,4,3,8,At risk
SUB1000,402,3,20329.39,1,3,4,8,At risk
SUB4152,401,1,2803.78,1,1,1,3,Lost
SUB2732,401,3,13751.64,1,3,3,7,At risk
SUB3077,401,2,2135.85,1,2,1,4,Hibernation
SUB3121,401,1,2233.55,1,1,1,3,Lost
SUB1556,400,1,1512.14,1,1,1,3,Lost
SUB4962,400,5,22798.62,1,4,4,9,Loyal
SUB1409,399,2,1281.74,1,2,1,4,Hibernation
SUB1559,399,2,1877.83,1,2,1,4,Hibernation
SUB4305,398,1,1856.22,1,1,1,3,Lost
SUB2403,398,4,21029.53,1,4,4,9,Loyal
SUB3594,397,1,3272.96,1,1,1,3,Lost
SUB2906,397,2,101944.31,1,3,4,8,At risk
SUB3100,397,3,3741.95,1,4,2,7,At risk
SUB1005,397,1,2953.86,1,1,1,3,Lost
SUB1515,397,3,14952.93,1,3,3,7,At risk
SUB2152,396,2,8325.96,1,2,2,5,Hibernation
SUB1653,396,1,539.92,1,1,1,3,Lost
SUB2656,395,1,2279.12,1,1,1,3,Lost
SUB4385,395,1,136.79,1,1,1,3,Lost
SUB3847,395,1,229.27,1,1,1,3,Lost
SUB4244,395,1,13861.6,1,1,3,5,Hibernation
SUB3536,394,1,740.36,1,1,1,3,Lost
SUB1062,394,2,4254.24,1,2,2,5,Hibernation
SUB1537,394,1,1128.83,1,1,1,3,Lost
SUB4060,394,1,5763.07,1,1,2,4,Hibernation
SUB4024,393,2,201.78,1,1,1,3,Lost
SUB4937,393,2,10640.17,1,2,3,6,At risk
SUB4408,392,3,2371.06,1,3,1,5,Hibernation
SUB3683,391,3,15903.68,1,3,3,7,At risk
SUB1282,390,1,1514.58,1,1,1,3,Lost
SUB3165,390,2,535226.96,1,3,4,8,At risk
SUB3142,389,2,11475.22,1,2,3,6,At risk
SUB1018,389,2,11479.54,1,2,3,6,At risk
SUB2531,389,2,14840.2,1,2,3,6,At risk
SUB2198,388,3,19782.78,1,3,4,8,At risk
SUB4254,388,1,1602.16,1,1,1,3,Lost
SUB3743,388,5,30793.82,1,4,4,9,Loyal
SUB4628,388,2,4567.13,1,2,2,5,Hibernation
SUB1512,387,1,343.94,1,1,1,3,Lost
SUB1580,387,1,1093.82,1,1,1,3,Lost
SUB2404,387,2,10283.59,1,2,3,6,At risk
SUB4429,386,1,597143.2,1,1,4,6,At risk
SUB1145,386,1,6636.84,1,1,2,4,Hibernation
SUB3817,386,2,7248.33,1,2,2,5,Hibernation
SUB1367,386,1,894.12,1,1,1,3,Lost
SUB3853,384,1,899.68,1,1,1,3,Lost
SUB3323,384,6,14635.19,1,4,3,8,At risk
SUB1510,384,3,3324.08,1,3,1,5,Hibernation
SUB1477,383,2,1887.74,1,2,1,4,Hibernation
SUB2883,383,2,8765.42,1,2,3,6,At risk
SUB2489,383,1,48.34,1,1,1,3,Lost
SUB3252,383,1,9676.13,1,1,3,5,Hibernation
SUB1014,382,2,10395.95,1,2,3,6,At risk
SUB3710,382,2,3438.71,1,2,2,5,Hibernation
SUB4716,379,1,5465.77,1,1,2,4,Hibernation
SUB3161,379,2,8542.62,1,2,3,6,At risk
SUB3995,379,3,11074.91,1,3,3,7,At risk
SUB3745,378,1,4710.62,1,1,2,4,Hibernation
SUB3753,378,3,30969.62,1,3,4,8,At risk
SUB3803,377,2,646.61,1,2,1,4,Hibernation
SUB2801,377,2,17887.41,1,3,4,8,At risk
SUB1678,377,1,1722967.64,1,1,4,6,At risk
SUB3126,376,1,2809.46,1,1,1,3,Lost
SUB4765,376,3,22960.44,1,3,4,8,At risk
SUB4379,375,2,7553.23,1,2,2,5,Hibernation
SUB1275,375,1,6010.07,1,1,2,4,Hibernation
SUB1017,374,6,14971.45,1,4,3,8,At risk
SUB1584,374,2,8966.96,1,2,3,6,At risk
SUB4480,372,1,710.09,1,1,1,3,Lost
SUB4308,372,2,21697.58,1,3,4,8,At risk
SUB4552,372,2,3389.63,1,2,1,4,Hibernation
SUB2620,372,3,123597.79,1,3,4,8,At risk
SUB3620,371,1,791.42,1,1,1,3,Lost
SUB3373,370,2,443.2,1,2,1,4,Hibernation
SUB4251,370,1,1134.12,1,1,1,3,Lost
SUB2654,370,4,21545.63,1,4,4,9,Loyal
SUB1961,369,1,13617.0,1,1,3,5,Hibernation
SUB2253,369,3,19290.52,1,3,4,8,At risk
SUB4310,369,1,4168.12,1,1,2,4,Hibernation
SUB3642,369,1,1337.99,1,1,1,3,Lost
SUB1252,369,2,5647.83,1,2,2,5,Hibernation
SUB4792,369,1,860.73,1,1,1,3,Lost
SUB1760,368,3,25052.71,1,3,4,8,At risk
SUB4290,368,2,840670.75,1,3,4,8,At risk
SUB3692,368,1,2815.84,1,1,1,3,Lost
SUB3065,367,2,8376.12,1,2,2,5,Hibernation
SUB4964,367,4,2804.6,1,4,1,6,At risk
SUB1316,367,5,12822.64,1,4,3,8,At risk
SUB4578,366,2,2953.76,1,2,1,4,Hibernation
SUB3485,366,2,5281.07,1,2,2,5,Hibernation
SUB3156,365,4,5644.48,1,4,2,7,At risk
SUB4929,365,4,16834.96,1,4,4,9,Loyal
SUB3085,365,2,373.24,1,2,1,4,Hibernation
SUB4360,365,1,2349.55,1,1,1,3,Lost
SUB1434,365,2,6894.48,1,2,2,5,Hibernation
SUB4720,365,1,3882.6,1,1,2,4,Hibernation
SUB2446,365,2,1728.83,1,2,1,4,Hibernation
SUB1493,365,4,39262.34,1,4,4,9,Loyal
SUB2056,365,2,2731.62,1,2,1,4,Hibernation
SUB3587,365,1,15954.67,1,1,3,5,Hibernation
SUB4045,364,1,2811.05,1,1,1,3,Lost
SUB2315,364,4,17222.3,1,4,4,9,Loyal
SUB3684,364,2,1393.97,1,2,1,4,Hibernation
SUB4950,364,1,2142.93,1,1,1,3,Lost
SUB4132,364,2,15083.46,1,2,3,6,At risk
SUB3029,363,3,16357.55,1,4,4,9,Loyal
SUB2530,363,1,151.95,1,1,1,3,Lost
SUB3673,363,1,345.21,1,1,1,3,Lost
SUB2493,363,2,922.61,1,2,1,4,Hibernation
SUB3593,362,2,8192.26,1,2,2,5,Hibernation
SUB1058,362,1,221046.9,1,1,4,6,At risk
SUB2038,362,5,10298.48,1,4,3,8,At risk
SUB2028,362,1,14680.16,1,1,3,5,Hibernation
SUB4956,362,2,2012.92,1,2,1,4,Hibernation
SUB4245,361,1,1333.89,1,1,1,3,Lost
SUB3124,361,3,5747.43,1,3,2,6,At risk
SUB1978,361,1,1854.38,1,1,1,3,Lost
SUB2222,360,1,84.88,1,1,1,3,Lost
SUB2877,360,2,15397.99,1,2,3,6,At risk
SUB4818,360,2,14047.19,1,2,3,6,At risk
SUB4335,360,1,11770.92,1,1,3,5,Hibernation
SUB1747,359,1,705599.15,1,1,4,6,At risk
SUB2494,359,2,3544.42,1,2,2,5,Hibernation
SUB1573,359,2,20996.24,1,3,4,8,At risk
SUB2794,359,2,390.65,1,2,1,4,Hibernation
SUB4236,359,1,1683.82,1,1,1,3,Lost
SUB3115,359,3,2305987.46,1,3,4,8,At risk
SUB2913,358,2,1875.68,1,2,1,4,Hibernation
SUB4582,358,2,11418.14,1,2,3,6,At risk
SUB4494,358,1,1291690.85,1,1,4,6,At risk
SUB3059,358,1,1221.41,1,1,1,3,Lost
SUB2894,358,3,493241.72,1,4,4,9,Loyal
SUB2369,358,1,766.37,1,1,1,3,Lost
SUB2268,357,1,7159.24,1,1,2,4,Hibernation
SUB1102,357,4,17324.63,1,4,4,9,Loyal
SUB2267,357,2,8596.52,1,2,3,6,At risk
SUB3764,357,2,7722.64,1,2,2,5,Hibernation
SUB1472,357,1,426.98,1,1,1,3,Lost
SUB4471,357,1,456.8,1,1,1,3,Lost
SUB1903,357,3,15233.74,1,3,3,7,At risk
SUB1271,357,1,12393.0,1,1,3,5,Hibernation
SUB3886,357,3,15823.22,1,3,3,7,At risk
SUB3243,357,1,638.76,1,1,1,3,Lost
SUB1876,357,2,3565.58,1,2,2,5,Hibernation
SUB3090,357,2,3525.15,1,2,2,5,Hibernation
SUB2325,357,2,3112.28,1,2,1,4,Hibernation
SUB1659,357,2,3023.05,1,2,1,4,Hibernation
SUB2351,356,2,683.95,1,2,1,4,Hibernation
SUB3690,356,1,942.66,1,1,1,3,Lost
SUB4411,356,4,8260.88,1,4,2,7,At risk
SUB4729,356,2,804.7,1,2,1,4,Hibernation
SUB2565,356,3,8349.36,1,3,2,6,At risk
SUB4405,356,3,4292.91,1,3,2,6,At risk
SUB1968,356,4,7965.1,1,4,2,7,At risk
SUB4023,356,2,14003.6,1,2,3,6,At risk
SUB4189,356,4,17065.05,1,4,4,9,Loyal
SUB2799,355,1,4823.52,1,1,2,4,Hibernation
SUB1281,355,1,2709.3,1,1,1,3,Lost
SUB4484,355,2,1441.2,1,2,1,4,Hibernation
SUB3634,355,2,5761.65,1,2,2,5,Hibernation
SUB3404,355,3,2368.55,1,3,1,5,Hibernation
SUB2334,355,2,6059.22,1,2,2,5,Hibernation
SUB1051,355,2,7931.18,1,2,2,5,Hibernation
SUB2760,355,2,6521.12,1,2,2,5,Hibernation
SUB3949,354,1,4838.53,1,1,2,4,Hibernation
SUB1110,354,2,2614.16,1,2,1,4,Hibernation
SUB2118,354,1,3024.55,1,1,1,3,Lost
SUB4777,354,3,18742.17,1,3,4,8,At risk
SUB1103,354,1,12397.78,1,1,3,5,Hibernation
SUB1932,353,1,13455.36,1,1,3,5,Hibernation
SUB2281,353,1,4917.78,1,1,2,4,Hibernation
SUB1809,353,2,1135.34,1,2,1,4,Hibernation
SUB3194,352,3,13785.91,1,3,3,7,At risk
SUB4848,352,1,3703.36,1,1,2,4,Hibernation
SUB1799,352,2,333729.34,1,3,4,8,At risk
SUB1379,352,3,23733.33,1,4,4,9,Loyal
SUB4953,352,2,10259.31,1,2,3,6,At risk
SUB4126,352,1,573.23,1,1,1,3,Lost
SUB1784,352,2,10864.07,1,2,3,6,At risk
SUB3808,351,2,178.73,1,1,1,3,Lost
SUB2658,351,2,6093.78,1,2,2,5,Hibernation
SUB1390,351,2,16203.4,1,2,4,7,At risk
SUB4425,351,2,3172.7,1,2,1,4,Hibernation
SUB4082,351,2,1659.49,1,2,1,4,Hibernation
SUB3118,351,2,1617.17,1,2,1,4,Hibernation
SUB1340,350,2,6951.47,1,2,2,5,Hibernation
SUB1736,350,2,16528.2,1,2,4,7,At risk
SUB2508,350,1,4051.52,1,1,2,4,Hibernation
SUB4669,349,2,11558.06,1,2,3,6,At risk
SUB4127,349,3,10933.09,1,4,3,8,At risk
SUB4375,349,2,24349.17,1,3,4,8,At risk
SUB4361,349,3,11866.95,1,3,3,7,At risk
SUB4304,349,4,22064.53,1,4,4,9,Loyal
SUB2876,349,5,22112.17,1,4,4,9,Loyal
SUB2376,349,1,50.59,1,1,1,3,Lost
SUB3565,348,3,5469.67,1,3,2,6,At risk
SUB4320,348,2,3234.49,1,2,1,4,Hibernation
SUB4723,348,2,7655.61,1,2,2,5,Hibernation
SUB3674,348,1,265.3,1,1,1,3,Lost
SUB4445,348,2,6084.17,1,2,2,5,Hibernation
SUB3504,348,4,1096153.56,1,4,4,9,Loyal
SUB1195,348,1,3403.98,1,1,2,4,Hibernation
SUB3391,348,1,675.17,1,1,1,3,Lost
SUB1938,348,5,21049.38,1,4,4,9,Loyal
SUB4940,347,2,2703.63,1,2,1,4,Hibernation
SUB1989,347,3,3854.66,1,3,2,6,At risk
SUB4291,347,2,12121.09,1,2,3,6,At risk
SUB3382,347,2,4272.9,1,2,2,5,Hibernation
SUB3772,347,2,16552.7,2,2,4,8,At risk
SUB3819,347,1,413365.08,2,1,4,7,At risk
SUB4265,347,4,16521.39,2,4,4,10,Loyal
SUB1718,346,1,512.75,2,1,1,4,Hibernation
SUB4640,346,5,7211.6,2,4,2,8,At risk
SUB3558,346,1,5753.89,2,1,2,5,Hibernation
SUB1654,346,2,3267.48,2,2,1,5,Hibernation
SUB3245,346,2,8666.36,2,2,3,7,At risk
SUB4388,346,4,8063.44,2,4,2,8,At risk
SUB3538,346,2,10746.0,2,2,3,7,At risk
SUB1534,346,2,2469.04,2,2,1,5,Hibernation
SUB3298,346,2,8755.51,2,2,3,7,At risk
SUB2869,345,3,2337.01,2,3,1,6,At risk
SUB2957,345,5,24040.73,2,4,4,10,Loyal
SUB2054,345,3,4736.44,2,4,2,8,At risk
SUB2192,345,1,435.17,2,1,1,4,Hibernation
SUB2853,345,2,3023.65,2,2,1,5,Hibernation
SUB3912,345,3,10951.54,2,4,3,9,Loyal
SUB1206,345,3,1374.52,2,3,1,6,At risk
SUB1943,345,3,12189.16,2,3,3,8,At risk
SUB4103,345,1,2888.32,2,1,1,4,Hibernation
SUB1179,345,3,11865.41,2,3,3,8,At risk
SUB1455,344,3,2320.33,2,3,1,6,At risk
SUB2132,344,2,1875.52,2,2,1,5,Hibernation
SUB3398,344,2,3443.76,2,2,2,6,At risk
SUB4169,344,2,9679.95,2,2,3,7,At risk
SUB1397,343,3,16973.29,2,4,4,10,Loyal
SUB4190,343,2,8156.49,2,2,2,6,At risk
SUB3446,343,2,15545.08,2,2,3,7,At risk
SUB3188,343,1,4918.22,2,1,2,5,Hibernation
SUB3788,343,5,634191.45,2,4,4,10,Loyal
SUB2712,343,2,443439.36,2,3,4,9,Loyal
SUB2100,343,3,4724.57,2,4,2,8,At risk
SUB2798,342,5,27349.64,2,4,4,10,Loyal
SUB1540,342,3,173496.61,2,3,4,9,Loyal
SUB1829,342,2,14394.97,2,2,3,7,At risk
SUB1602,342,3,13352.8,2,3,3,8,At risk
SUB4921,342,1,14198.13,2,1,3,6,At risk
SUB3602,342,3,7245.54,2,4,2,8,At risk
SUB2280,342,1,5569.74,2,1,2,5,Hibernation
SUB3529,342,4,13668.5,2,4,3,9,Loyal
SUB2683,341,3,12477.78,2,3,3,8,At risk
SUB1826,341,3,15782.52,2,3,3,8,At risk
SUB1694,341,2,11701.51,2,2,3,7,At risk
SUB4507,341,4,6601.42,2,4,2,8,At risk
SUB1983,341,3,6727.01,2,3,2,7,At risk
SUB3709,341,1,8967.47,2,1,3,6,At risk
SUB4271,340,3,14791.01,2,3,3,8,At risk
SUB2053,340,1,2083.5,2,1,1,4,Hibernation
SUB2092,340,1,6966.4,2,1,2,5,Hibernation
SUB4166,340,2,4286.38,2,2,2,6,At risk
SUB2319,340,1,2353.78,2,1,1,4,Hibernation
SUB2796,340,2,1289.02,2,2,1,5,Hibernation
SUB4896,340,1,881.35,2,1,1,4,Hibernation
SUB2830,339,1,1468.91,2,1,1,4,Hibernation
SUB3206,339,3,12963.8,2,3,3,8,At risk
SUB3736,338,2,973.76,2,2,1,5,Hibernation
SUB4369,338,1,7219.18,2,1,2,5,Hibernation
SUB4802,338,1,743.36,2,1,1,4,Hibernation
SUB4882,338,3,8088.78,2,3,2,7,At risk
SUB4267,337,2,20244.81,2,3,4,9,Loyal
SUB4784,337,3,7432.47,2,3,2,7,At risk
SUB2903,337,1,2053.71,2,1,1,4,Hibernation
SUB4589,337,1,26.64,2,1,1,4,Hibernation
SUB3453,337,1,10464.48,2,1,3,6,At risk
SUB4542,337,1,6192.4,2,1,2,5,Hibernation
SUB1084,337,3,13537.4,2,3,3,8,At risk
SUB4868,336,3,12435.79,2,3,3,8,At risk
SUB1797,336,1,46.64,2,1,1,4,Hibernation
SUB2245,336,2,2353.22,2,2,1,5,Hibernation
SUB3630,336,2,8781.17,2,2,3,7,At risk
SUB4143,335,4,13830.43,2,4,3,9,Loyal
SUB3191,335,1,8766.94,2,1,3,6,At risk
SUB2715,335,3,6952.09,2,3,2,7,At risk
SUB4150,335,1,10440.64,2,1,3,6,At risk
SUB4604,335,2,14729.84,2,2,3,7,At risk
SUB4565,335,1,2938.56,2,1,1,4,Hibernation
SUB2865,335,3,10732.22,2,3,3,8,At risk
SUB1768,334,1,4861.08,2,1,2,5,Hibernation
SUB2304,334,4,19327.11,2,4,4,10,Loyal
SUB1221,334,1,286.15,2,1,1,4,Hibernation
SUB1115,334,2,1247.68,2,2,1,5,Hibernation
SUB3413,334,3,11802.3,2,3,3,8,At risk
SUB4841,334,3,562299.06,2,4,4,10,Loyal
SUB4829,333,2,7843.52,2,2,2,6,At risk
SUB4295,333,1,1655.16,2,1,1,4,Hibernation
SUB1955,333,1,7474.5,2,1,2,5,Hibernation
SUB3279,333,2,5438.46,2,2,2,6,At risk
SUB1635,333,2,3067181.76,2,3,4,9,Loyal
SUB2633,333,3,12871.75,2,3,3,8,At risk
SUB3702,333,1,31.14,2,1,1,4,Hibernation
SUB1476,332,1,12345.26,2,1,3,6,At risk
SUB1666,332,1,1814.34,2,1,1,4,Hibernation
SUB3868,332,3,25379.97,2,3,4,9,Loyal
SUB2716,331,5,2089720.67,2,4,4,10,Loyal
SUB2251,331,3,609946.41,2,3,4,9,Loyal
SUB4541,331,2,6664.56,2,2,2,6,At risk
SUB1800,331,2,7972.39,2,2,2,6,At risk
SUB4816,331,2,4321.49,2,2,2,6,At risk
SUB1433,330,1,3983.85,2,1,2,5,Hibernation
SUB4945,330,1,10582.81,2,1,3,6,At risk
SUB2029,330,3,3576.83,2,3,2,7,At risk
SUB3288,330,1,13175.28,2,1,3,6,At risk
SUB4938,329,2,15913.3,2,2,3,7,At risk
SUB3609,329,2,9911.29,2,2,3,7,At risk
SUB2107,329,1,13615.5,2,1,3,6,At risk
SUB4340,329,1,2394.86,2,1,1,4,Hibernation
SUB2929,328,1,6349.57,2,1,2,5,Hibernation
SUB2858,328,1,1947.14,2,1,1,4,Hibernation
SUB3916,328,2,23250.51,2,3,4,9,Loyal
SUB3748,328,1,474.38,2,1,1,4,Hibernation
SUB1069,328,1,45.62,2,1,1,4,Hibernation
SUB1207,328,2,7375.82,2,2,2,6,At risk
SUB4657,327,3,17428.7,2,3,4,9,Loyal
SUB1184,327,1,2918.58,2,1,1,4,Hibernation
SUB4536,327,1,413.95,2,1,1,4,Hibernation
SUB4215,327,2,14969.66,2,2,3,7,At risk
SUB4521,326,3,15603.6,2,3,3,8,At risk
SUB4193,326,3,10987.99,2,4,3,9,Loyal
SUB4233,326,4,16766.47,2,4,4,10,Loyal
SUB4812,326,2,11900.12,2,2,3,7,At risk
SUB3550,326,1,546.18,2,1,1,4,Hibernation
SUB1698,326,1,6110.16,2,1,2,5,Hibernation
SUB3626,326,1,3107.28,2,1,1,4,Hibernation
SUB3754,325,2,4269.94,2,2,2,6,At risk
SUB2990,325,3,12191.45,2,3,3,8,At risk
SUB3943,324,3,17450.97,2,3,4,9,Loyal
SUB2417,324,4,10953.05,2,4,3,9,Loyal
SUB2729,324,2,2731816.97,2,3,4,9,Loyal
SUB3574,324,1,1312.95,2,1,1,4,Hibernation
SUB4844,323,4,68959.78,2,4,4,10,Loyal
SUB2242,323,1,1153.4,2,1,1,4,Hibernation
SUB4800,323,1,6119.94,2,1,2,5,Hibernation
SUB1385,323,1,1991.62,2,1,1,4,Hibernation
SUB4330,323,4,31650.4,2,4,4,10,Loyal
SUB2227,323,2,3270.72,2,2,1,5,Hibernation
SUB3026,323,2,5410.94,2,2,2,6,At risk
SUB1444,323,3,3298.44,2,3,1,6,At risk
SUB1152,323,2,16422.42,2,2,4,8,At risk
SUB1264,322,3,19039.31,2,3,4,9,Loyal
SUB4856,322,1,998.93,2,1,1,4,Hibernation
SUB1353,322,2,7010.61,2,2,2,6,At risk
SUB1129,322,1,403526.4,2,1,4,7,At risk
SUB2440,322,2,5000.9,2,2,2,6,At risk
SUB2104,321,2,4030.98,2,2,2,6,At risk
SUB1300,321,1,71.0,2,1,1,4,Hibernation
SUB4741,321,3,24038.61,2,3,4,9,Loyal
SUB1421,321,2,11461.97,2,2,3,7,At risk
SUB2487,321,2,4744.74,2,2,2,6,At risk
SUB3548,320,2,1622.47,2,2,1,5,Hibernation
SUB2706,320,2,16649.39,2,2,4,8,At risk
SUB3987,320,3,11243.73,2,3,3,8,At risk
SUB2814,320,5,7438.96,2,4,2,8,At risk
SUB4094,320,2,4914.5,2,2,2,6,At risk
SUB4644,320,4,9436.08,2,4,3,9,Loyal
SUB3199,320,2,200680.61,2,3,4,9,Loyal
SUB4533,319,3,7966.92,2,3,2,7,At risk
SUB1501,319,2,4057.12,2,2,2,6,At risk
SUB1375,319,2,8649.69,2,2,3,7,At risk
SUB3551,319,2,3493.08,2,2,2,6,At risk
SUB2385,319,2,6385.05,2,2,2,6,At risk
SUB3986,319,5,6925.6,2,4,2,8,At risk
SUB1107,319,1,1291.23,2,1,1,4,Hibernation
SUB1253,319,1,29.83,2,1,1,4,Hibernation
SUB4502,319,1,7416.6,2,1,2,5,Hibernation
SUB2581,318,1,11170.0,2,1,3,6,At risk
SUB1677,318,2,2617.52,2,2,1,5,Hibernation
SUB1098,318,4,11763.02,2,4,3,9,Loyal
SUB2553,318,5,25382.54,2,4,4,10,Loyal
SUB4877,318,3,2956.0,2,3,1,6,At risk
SUB3791,318,3,6677.69,2,3,2,7,At risk
SUB4944,318,1,7996.87,2,1,2,5,Hibernation
SUB1440,318,1,10785.24,2,1,3,6,At risk
SUB1310,318,2,4538.33,2,2,2,6,At risk
SUB2400,317,2,17846.21,2,3,4,9,Loyal
SUB1123,317,2,7549.51,2,2,2,6,At risk
SUB1291,317,3,13740.51,2,3,3,8,At risk
SUB1866,317,4,19692.5,2,4,4,10,Loyal
SUB1104,317,4,3871068.03,2,4,4,10,Loyal
SUB4378,317,2,6041.56,2,2,2,6,At risk
SUB3601,317,2,1226.75,2,2,1,5,Hibernation
SUB2711,317,2,8659.29,2,2,3,7,At risk
SUB2006,317,3,9783.31,2,3,3,8,At risk
SUB1080,316,1,7030.14,2,1,2,5,Hibernation
SUB4947,316,1,14480.23,2,1,3,6,At risk
SUB2777,316,3,10734.43,2,3,3,8,At risk
SUB1790,316,4,14539.67,2,4,3,9,Loyal
SUB4412,316,2,3627.78,2,2,2,6,At risk
SUB3669,316,4,17965.59,2,4,4,10,Loyal
SUB2302,316,4,22118.22,2,4,4,10,Loyal
SUB1630,316,4,24667.56,2,4,4,10,Loyal
SUB3478,316,1,3311.65,2,1,1,4,Hibernation
SUB4285,316,1,2610.83,2,1,1,4,Hibernation
SUB2996,315,2,924712.94,2,3,4,9,Loyal
SUB3792,315,3,4367.96,2,3,2,7,At risk
SUB1220,315,2,8286.71,2,2,2,6,At risk
SUB4976,315,6,15212.52,2,4,3,9,Loyal
SUB3516,315,4,8310.19,2,4,2,8,At risk
SUB1374,314,1,1103.62,2,1,1,4,Hibernation
SUB1637,314,5,22108.65,2,4,4,10,Loyal
SUB4908,314,2,3685.67,2,2,2,6,At risk
SUB1357,314,4,23430.22,2,4,4,10,Loyal
SUB2357,314,1,2645.44,2,1,1,4,Hibernation
SUB4574,314,3,4444.9,2,3,2,7,At risk
SUB3990,314,3,16223.54,2,4,4,10,Loyal
SUB4537,313,3,18332.24,2,3,4,9,Loyal
SUB1865,313,1,4924.73,2,1,2,5,Hibernation
SUB4653,313,3,7257.63,2,4,2,8,At risk
SUB3428,313,2,83550.87,2,3,4,9,Loyal
SUB1915,313,2,9625.61,2,2,3,7,At risk
SUB3767,313,2,2396.94,2,2,1,5,Hibernation
SUB3405,313,2,11111.09,2,2,3,7,At risk
SUB1449,313,1,3682.03,2,1,2,5,Hibernation
SUB3956,312,3,17101.49,2,4,4,10,Loyal
SUB2370,312,3,12729.96,2,3,3,8,At risk
SUB3442,312,3,10813.35,2,3,3,8,At risk
SUB1339,312,2,240.73,2,1,1,4,Hibernation
SUB3012,312,3,37632.21,2,3,4,9,Loyal
SUB1462,312,2,3560.23,2,2,2,6,At risk
SUB4257,312,1,13743.72,2,1,3,6,At risk
SUB2279,312,2,7829.41,2,2,2,6,At risk
SUB1838,312,4,20832.25,2,4,4,10,Loyal
SUB3784,311,2,12021.65,2,2,3,7,At risk
SUB2160,311,2,7273.01,2,2,2,6,At risk
SUB3621,311,3,9904.28,2,3,3,8,At risk
SUB4613,311,2,17387.28,2,3,4,9,Loyal
SUB3089,311,1,216.34,2,1,1,4,Hibernation
SUB3015,311,2,923.8,2,2,1,5,Hibernation
SUB3939,311,5,17993.53,2,4,4,10,Loyal
SUB2964,311,2,23145.04,2,3,4,9,Loyal
SUB3080,310,3,11510.65,2,3,3,8,At risk
SUB2983,310,1,729.43,2,1,1,4,Hibernation
SUB3022,310,2,7519.61,2,2,2,6,At risk
SUB3047,310,2,9347.01,2,2,3,7,At risk
SUB3023,309,2,681.35,2,2,1,5,Hibernation
SUB2568,309,3,5798.87,2,3,2,7,At risk
SUB2200,309,2,10876.3,2,2,3,7,At risk
SUB1451,309,3,21910.09,2,3,4,9,Loyal
SUB3795,309,5,10636.67,2,4,3,9,Loyal
SUB3513,309,2,14065.39,2,2,3,7,At risk
SUB3514,308,3,16081.8,2,3,3,8,At risk
SUB1495,308,2,3006.63,2,2,1,5,Hibernation
SUB3540,308,2,9386.34,2,2,3,7,At risk
SUB4747,308,2,6804.75,2,2,2,6,At risk
SUB4631,308,1,1561.82,2,1,1,4,Hibernation
SUB2604,308,3,9918.52,2,3,3,8,At risk
SUB3663,307,2,7456.49,2,2,2,6,At risk
SUB2636,307,3,25171.28,2,3,4,9,Loyal
SUB4492,306,3,5079.04,2,3,2,7,At risk
SUB3713,306,3,13630.27,2,3,3,8,At risk
SUB4016,306,3,13175.45,2,3,3,8,At risk
SUB4621,306,7,12990.57,2,4,3,9,Loyal
SUB1333,306,2,15133.67,2,2,3,7,At risk
SUB2244,306,1,492.62,2,1,1,4,Hibernation
SUB3381,306,5,12226.11,2,4,3,9,Loyal
SUB4130,306,1,347.59,2,1,1,4,Hibernation
SUB1926,306,4,9773.99,2,4,3,9,Loyal
SUB1648,306,6,129580.57,2,4,4,10,Loyal
SUB1770,306,4,6841.37,2,4,2,8,At risk
SUB1146,306,2,2585.15,2,2,1,5,Hibernation
SUB3011,305,4,13267.12,2,4,3,9,Loyal
SUB4513,305,3,16209.21,2,4,4,10,Loyal
SUB1820,305,2,8581.57,2,2,3,7,At risk
SUB4170,305,1,2877.73,2,1,1,4,Hibernation
SUB1041,305,1,6901.07,2,1,2,5,Hibernation
SUB3725,305,1,119.24,2,1,1,4,Hibernation
SUB3429,305,2,9256.38,2,2,3,7,At risk
SUB1321,305,2,4086.84,2,2,2,6,At risk
SUB3196,304,2,10533.7,2,2,3,7,At risk
SUB2617,304,3,1870191.26,2,3,4,9,Loyal
SUB2967,304,3,5339.21,2,3,2,7,At risk
SUB1504,304,2,10402.85,2,2,3,7,At risk
SUB2993,304,1,2138.72,2,1,1,4,Hibernation
SUB2997,304,1,1915.42,2,1,1,4,Hibernation
SUB4230,304,3,799931.65,2,3,4,9,Loyal
SUB4508,304,2,11302.86,2,2,3,7,At risk
SUB3563,304,1,5236.6,2,1,2,5,Hibernation
SUB1953,303,3,1955.18,2,3,1,6,At risk
SUB1521,303,3,16920.65,2,4,4,10,Loyal
SUB4252,303,3,15933.59,2,3,3,8,At risk
SUB1372,303,4,14064.59,2,4,3,9,Loyal
SUB2204,303,3,14240.73,2,3,3,8,At risk
SUB4901,303,2,8274.6,2,2,2,6,At risk
SUB3509,303,1,1020.0,2,1,1,4,Hibernation
SUB1233,303,1,1471.42,2,1,1,4,Hibernation
SUB2109,303,2,1868.55,2,2,1,5,Hibernation
SUB1201,302,2,10700.05,2,2,3,7,At risk
SUB4338,302,2,17717.29,2,3,4,9,Loyal
SUB4663,302,2,2785.74,2,2,1,5,Hibernation
SUB2969,302,1,5294.94,2,1,2,5,Hibernation
SUB2237,302,2,15472.37,2,2,3,7,At risk
SUB3092,302,2,2284.41,2,2,1,5,Hibernation
SUB4577,301,5,9552.41,2,4,3,9,Loyal
SUB3957,301,3,24480.14,2,3,4,9,Loyal
SUB1095,301,1,7996.56,2,1,2,5,Hibernation
SUB2868,301,1,1629.2,2,1,1,4,Hibernation
SUB4526,301,2,1288.46,2,2,1,5,Hibernation
SUB1423,301,3,8574.28,2,4,3,9,Loyal
SUB3835,301,4,13438.17,2,4,3,9,Loyal
SUB1279,301,2,6431.93,2,2,2,6,At risk
SUB1562,301,1,518.97,2,1,1,4,Hibernation
SUB3906,301,1,237.08,2,1,1,4,Hibernation
SUB4529,300,3,14624.99,2,3,3,8,At risk
SUB2241,300,1,5009.44,2,1,2,5,Hibernation
SUB2291,300,3,3915.78,2,3,2,7,At risk
SUB4437,300,2,5201.9,2,2,2,6,At risk
SUB3158,300,1,353.89,2,1,1,4,Hibernation
SUB2904,300,6,8930.59,2,4,3,9,Loyal
SUB3401,300,1,11798.14,2,1,3,6,At risk
SUB2170,300,3,540724.08,2,4,4,10,Loyal
SUB4070,300,3,2936.31,2,3,1,6,At risk
SUB2495,300,5,6403.94,2,4,2,8,At risk
SUB4264,299,2,6111.16,2,2,2,6,At risk
SUB2113,299,2,1831.2,2,2,1,5,Hibernation
SUB2183,299,3,15412.39,2,3,3,8,At risk
SUB2605,299,7,33949.35,2,4,4,10,Loyal
SUB1347,299,1,5950.62,2,1,2,5,Hibernation
SUB3993,299,3,16161.03,2,3,3,8,At risk
SUB4941,299,4,18963.09,2,4,4,10,Loyal
SUB1742,299,4,27843.82,2,4,4,10,Loyal
SUB2488,299,3,24460.0,2,3,4,9,Loyal
SUB2111,299,3,3302.63,2,3,1,6,At risk
SUB3643,298,5,9420.65,2,4,3,9,Loyal
SUB1687,298,4,8547.31,2,4,3,9,Loyal
SUB2217,298,5,12265.13,2,4,3,9,Loyal
SUB2623,298,4,16221.3,2,4,4,10,Loyal
SUB4222,298,2,5198.7,2,2,2,6,At risk
SUB4373,298,1,2754.04,2,1,1,4,Hibernation
SUB2206,298,2,12359.68,2,2,3,7,At risk
SUB3419,298,1,652.33,2,1,1,4,Hibernation
SUB1403,298,5,12833.89,2,4,3,9,Loyal
SUB3533,297,1,14814.72,2,1,3,6,At risk
SUB3689,297,3,8745.46,2,3,3,8,At risk
SUB3789,297,2,6208.46,2,2,2,6,At risk
SUB2533,297,2,2099706.15,2,3,4,9,Loyal
SUB1933,297,4,18771.36,2,4,4,10,Loyal
SUB1623,297,4,5342.99,2,4,2,8,At risk
SUB4248,297,2,2683.42,2,2,1,5,Hibernation
SUB3517,297,2,3476.28,2,2,2,6,At risk
SUB3600,297,1,10859.84,2,1,3,6,At risk
SUB1957,297,1,5749.62,2,1,2,5,Hibernation
SUB4817,297,4,2004150.83,2,4,4,10,Loyal
SUB4315,297,1,1723.72,2,1,1,4,Hibernation
SUB3750,296,1,50.94,2,1,1,4,Hibernation
SUB4980,296,3,10764.5,2,3,3,8,At risk
SUB4639,296,4,12683.64,2,4,3,9,Loyal
SUB3159,296,2,17874.14,2,3,4,9,Loyal
SUB3293,296,5,22609.93,2,4,4,10,Loyal
SUB3820,295,1,2725.69,2,1,1,4,Hibernation
SUB3174,295,2,9527.68,2,2,3,7,At risk
SUB4452,295,5,17166.26,2,4,4,10,Loyal
SUB4224,295,2,1656.75,2,2,1,5,Hibernation
SUB4619,295,3,2623.69,2,3,1,6,At risk
SUB2348,295,4,5078.52,2,4,2,8,At risk
SUB1389,294,2,265.55,2,1,1,4,Hibernation
SUB3038,294,2,10857.65,2,2,3,7,At risk
SUB2066,294,3,10226.5,2,3,3,8,At risk
SUB3221,293,3,882372.59,2,3,4,9,Loyal
SUB1939,293,2,11059.31,2,2,3,7,At risk
SUB3650,293,6,338271.44,2,4,4,10,Loyal
SUB1588,293,2,7697.19,2,2,2,6,At risk
SUB3824,293,2,1326.03,2,2,1,5,Hibernation
SUB3030,293,1,752.45,2,1,1,4,Hibernation
SUB3110,293,1,6915.47,2,1,2,5,Hibernation
SUB4486,293,1,10509.79,2,1,3,6,At risk
SUB3114,293,3,9719.93,2,3,3,8,At risk
SUB4204,293,2,1212.23,2,2,1,5,Hibernation
SUB2012,293,1,1456.42,2,1,1,4,Hibernation
SUB1314,292,1,5660.3,2,1,2,5,Hibernation
SUB3132,292,2,11628.94,2,2,3,7,At risk
SUB1066,292,1,4095.96,2,1,2,5,Hibernation
SUB3005,292,5,6077.9,2,4,2,8,At risk
SUB2901,292,2,8660.78,2,2,3,7,At risk
SUB2736,292,3,8111.49,2,3,2,7,At risk
SUB2857,292,5,30850.23,2,4,4,10,Loyal
SUB3348,292,6,21502.66,2,4,4,10,Loyal
SUB4481,292,3,11294.28,2,3,3,8,At risk
SUB2844,292,2,3319.07,2,2,1,5,Hibernation
SUB2341,292,2,2296.64,2,2,1,5,Hibernation
SUB4588,291,2,12858.63,2,2,3,7,At risk
SUB1574,291,2,5254.85,2,2,2,6,At risk
SUB2822,291,6,6688.72,2,4,2,8,At risk
SUB4314,291,3,4442.05,2,3,2,7,At risk
SUB2962,291,2,11248.34,2,2,3,7,At risk
SUB3881,291,3,10577.6,2,3,3,8,At risk
SUB4093,291,1,23196.92,2,1,4,7,At risk
SUB4873,291,2,1076.95,2,2,1,5,Hibernation
SUB3647,290,4,20752.06,2,4,4,10,Loyal
SUB4708,290,2,7865.98,2,2,2,6,At risk
SUB2930,290,2,9258.66,2,2,3,7,At risk
SUB2373,290,2,10542.82,2,2,3,7,At risk
SUB4046,290,4,15073.48,2,4,3,9,Loyal
SUB1032,290,2,9698.75,2,2,3,7,At risk
SUB1267,290,3,7600.54,2,3,2,7,At risk
SUB3963,290,2,14008.37,2,2,3,7,At risk
SUB2840,290,5,40306.38,2,4,4,10,Loyal
SUB2697,290,2,5098.3,2,2,2,6,At risk
SUB1948,290,2,17460.77,2,3,4,9,Loyal
SUB2086,289,2,3861.24,2,2,2,6,At risk
SUB4900,289,2,1779.78,2,2,1,5,Hibernation
SUB2328,289,2,1999.51,2,2,1,5,Hibernation
SUB3454,288,2,7049.75,2,2,2,6,At risk
SUB3129,288,2,2712.56,2,2,1,5,Hibernation
SUB4872,288,1,7118.08,2,1,2,5,Hibernation
SUB3270,288,1,22.39,2,1,1,4,Hibernation
SUB2762,288,3,14864.23,2,3,3,8,At risk
SUB2225,288,2,10743.02,2,2,3,7,At risk
SUB3255,287,3,8908.67,2,3,3,8,At risk
SUB3665,287,1,3392514.97,2,1,4,7,At risk
SUB2564,287,2,771.84,2,2,1,5,Hibernation
SUB4506,287,4,15157.31,2,4,3,9,Loyal
SUB4125,287,2,3446.14,2,2,2,6,At risk
SUB4243,286,4,7759.64,2,4,2,8,At risk
SUB1618,286,5,27757.31,2,4,4,10,Loyal
SUB4728,286,2,17198.4,2,3,4,9,Loyal
SUB3499,286,3,1467.89,2,3,1,6,At risk
SUB3154,286,4,5137.54,2,4,2,8,At risk
SUB4734,286,2,17655.54,2,3,4,9,Loyal
SUB1810,286,3,3972.52,2,3,2,7,At risk
SUB3771,286,3,1708391.76,2,3,4,9,Loyal
SUB4414,286,2,17924.21,2,3,4,9,Loyal
SUB1118,286,3,5291.05,2,3,2,7,At risk
SUB2007,286,1,415.49,2,1,1,4,Hibernation
SUB2119,286,3,5741.55,2,3,2,7,At risk
SUB2126,285,4,43039.35,2,4,4,10,Loyal
SUB4801,285,3,9878.61,2,3,3,8,At risk
SUB1622,285,2,4909.05,2,2,2,6,At risk
SUB1956,285,3,6103.44,2,3,2,7,At risk
SUB4596,285,1,5847.8,2,1,2,5,Hibernation
SUB4357,285,2,2036.86,2,2,1,5,Hibernation
SUB4682,285,4,2198.57,2,4,1,7,At risk
SUB3783,285,5,8352.11,2,4,2,8,At risk
SUB4936,284,2,11333.76,2,2,3,7,At risk
SUB3777,284,2,14407.48,2,2,3,7,At risk
SUB1715,284,2,12166.3,2,2,3,7,At risk
SUB4358,284,2,2038.17,2,2,1,5,Hibernation
SUB4512,284,3,3325.65,2,4,1,7,At risk
SUB1581,283,2,12917.5,2,2,3,7,At risk
SUB4044,283,2,14467.57,2,2,3,7,At risk
SUB1560,283,3,7601.38,2,3,2,7,At risk
SUB2338,282,2,4224.46,2,2,2,6,At risk
SUB1553,282,1,59.61,2,1,1,4,Hibernation
SUB2748,282,4,9397.34,2,4,3,9,Loyal
SUB1964,282,2,11483.47,2,2,3,7,At risk
SUB4903,282,1,5510.16,2,1,2,5,Hibernation
SUB2624,282,1,1582.49,2,1,1,4,Hibernation
SUB4106,282,1,1589.11,2,1,1,4,Hibernation
SUB3262,282,1,1081.25,2,1,1,4,Hibernation
SUB1916,282,2,3168.4,2,2,1,5,Hibernation
SUB3487,281,2,4656.51,2,2,2,6,At risk
SUB1167,281,3,9214.99,2,3,3,8,At risk
SUB3075,281,2,7380.29,2,2,2,6,At risk
SUB3923,281,4,13129.91,2,4,3,9,Loyal
SUB4366,281,2,2302.86,2,2,1,5,Hibernation
SUB3816,281,4,18271.2,2,4,4,10,Loyal
SUB3201,281,4,17803.36,2,4,4,10,Loyal
SUB3857,281,3,10028.17,2,3,3,8,At risk
SUB4605,281,2,4630.93,2,2,2,6,At risk
SUB2613,281,1,2525.33,2,1,1,4,Hibernation
SUB4047,280,2,9481.74,2,2,3,7,At risk
SUB1644,280,3,42464.34,2,3,4,9,Loyal
SUB2673,280,5,17759.85,2,4,4,10,Loyal
SUB1904,280,2,2488.05,2,2,1,5,Hibernation
SUB3960,280,2,18244.97,2,3,4,9,Loyal
SUB4580,280,1,815205.07,2,1,4,7,At risk
SUB3006,280,4,61978.08,2,4,4,10,Loyal
SUB2921,280,1,2215.71,2,1,1,4,Hibernation
SUB1158,280,3,10445.55,2,3,3,8,At risk
SUB2074,279,1,100.17,2,1,1,4,Hibernation
SUB1531,279,1,2638.19,2,1,1,4,Hibernation
SUB1706,279,6,36239.92,2,4,4,10,Loyal
SUB2619,279,3,8094.45,2,3,2,7,At risk
SUB4607,279,2,7740.32,2,2,2,6,At risk
SUB2847,279,3,15651.17,2,3,3,8,At risk
SUB2874,278,1,5614.76,2,1,2,5,Hibernation
SUB4381,278,2,16939.12,2,3,4,9,Loyal
SUB2705,278,3,14956.32,2,3,3,8,At risk
SUB3931,278,3,11901.78,2,3,3,8,At risk
SUB4196,278,3,17258.34,2,3,4,9,Loyal
SUB1336,277,2,8451.21,2,2,2,6,At risk
SUB1021,277,3,17322.02,2,3,4,9,Loyal
SUB1900,277,2,3308.85,2,2,1,5,Hibernation
SUB4782,277,3,17764.1,2,3,4,9,Loyal
SUB3349,277,7,22793.69,2,4,4,10,Loyal
SUB3542,277,3,10910.48,2,4,3,9,Loyal
SUB2182,277,3,8355.54,2,3,2,7,At risk
SUB1047,276,2,5552.99,2,2,2,6,At risk
SUB2679,276,5,20614.25,2,4,4,10,Loyal
SUB4122,276,1,1826.87,2,1,1,4,Hibernation
SUB3810,276,3,6770.44,2,3,2,7,At risk
SUB2460,275,2,19741.3,2,3,4,9,Loyal
SUB3056,275,1,7098.21,2,1,2,5,Hibernation
SUB4095,275,2,3159.94,2,2,1,5,Hibernation
SUB2500,275,1,368.83,2,1,1,4,Hibernation
SUB2516,275,3,17936.84,2,3,4,9,Loyal
SUB2855,275,2,8370.05,2,2,2,6,At risk
SUB2573,274,6,21710.82,2,4,4,10,Loyal
SUB1378,274,2,9928.29,2,2,3,7,At risk
SUB2220,274,2,194695.5,2,3,4,9,Loyal
SUB4289,274,3,206993.44,2,3,4,9,Loyal
SUB2584,274,4,117049.48,2,4,4,10,Loyal
SUB1320,274,4,160170.8,2,4,4,10,Loyal
SUB4155,274,2,10937.15,2,2,3,7,At risk
SUB1208,274,2,3849.63,2,2,2,6,At risk
SUB2271,273,4,8600.51,2,4,3,9,Loyal
SUB2141,273,4,8503.69,2,4,3,9,Loyal
SUB4005,273,3,9451.65,2,3,3,8,At risk
SUB4109,273,4,12883.1,2,4,3,9,Loyal
SUB4074,273,3,9790.75,2,3,3,8,At risk
SUB1507,273,1,5236.84,2,1,2,5,Hibernation
SUB1285,273,2,3587.19,2,2,2,6,At risk
SUB4515,273,2,4070.55,2,2,2,6,At risk
SUB4015,273,5,14816.2,2,4,3,9,Loyal
SUB2816,273,4,6179.72,2,4,2,8,At risk
SUB2372,272,6,25969.97,2,4,4,10,Loyal
SUB4413,272,2,528.24,2,2,1,5,Hibernation
SUB4407,272,2,9358.59,2,2,3,7,At risk
SUB1305,272,3,7561.74,2,3,2,7,At risk
SUB2395,272,1,6964.85,2,1,2,5,Hibernation
SUB3263,272,2,7088.43,2,2,2,6,At risk
SUB3415,271,4,972625.12,2,4,4,10,Loyal
SUB4031,271,2,1677.36,2,2,1,5,Hibernation
SUB1842,271,4,3602.46,2,4,2,8,At risk
SUB3276,271,2,1086.7,2,2,1,5,Hibernation
SUB4917,271,2,1058.63,2,2,1,5,Hibernation
SUB4881,271,1,676.4,2,1,1,4,Hibernation
SUB1108,271,3,7870.61,2,3,2,7,At risk
SUB3545,271,2,5664.65,2,2,2,6,At risk
SUB3256,271,2,17128.31,2,3,4,9,Loyal
SUB1985,271,3,9666.43,2,3,3,8,At risk
SUB1792,271,3,5101.88,2,3,2,7,At risk
SUB3870,271,1,140.14,2,1,1,4,Hibernation
SUB4025,270,1,3134.41,2,1,1,4,Hibernation
SUB3222,270,2,3167.43,2,2,1,5,Hibernation
SUB1065,270,2,3124.21,2,2,1,5,Hibernation
SUB4195,270,5,18677.81,2,4,4,10,Loyal
SUB3582,270,1,6137.04,2,1,2,5,Hibernation
SUB2549,270,3,1220.39,2,3,1,6,At risk
SUB2355,270,2,1862.09,2,2,1,5,Hibernation
SUB2289,270,3,14064.79,2,3,3,8,At risk
SUB4600,270,2,286276.13,2,3,4,9,Loyal
SUB2180,269,5,14356.35,2,4,3,9,Loyal
SUB4341,269,3,14892.17,2,3,3,8,At risk
SUB1619,269,2,2115.35,2,2,1,5,Hibernation
SUB4666,269,3,2572.25,2,3,1,6,At risk
SUB3070,269,2,19590.19,2,3,4,9,Loyal
SUB3624,269,2,7032.37,2,2,2,6,At risk
SUB2266,269,3,2784.13,2,3,1,6,At risk
SUB2483,269,1,6854.58,2,1,2,5,Hibernation
SUB4319,268,4,9885.21,2,4,3,9,Loyal
SUB4359,268,1,3601.66,2,1,2,5,Hibernation
SUB4966,268,2,1927.87,2,2,1,5,Hibernation
SUB1365,268,2,6120.11,2,2,2,6,At risk
SUB4001,268,2,777261.7,2,3,4,9,Loyal
SUB1535,268,4,20511.78,2,4,4,10,Loyal
SUB1655,268,4,12871.79,2,4,3,9,Loyal
SUB4659,268,3,280248.08,2,3,4,9,Loyal
SUB3278,268,1,4255.61,2,1,2,5,Hibernation
SUB4555,268,2,10906.19,2,2,3,7,At risk
SUB2740,268,3,18588.48,2,3,4,9,Loyal
SUB2276,267,3,10105.85,2,3,3,8,At risk
SUB2832,267,2,14910.48,2,2,3,7,At risk
SUB2887,267,3,4842.43,2,4,2,8,At risk
SUB2893,267,2,6535.62,2,2,2,6,At risk
SUB3277,267,3,8034.84,2,3,2,7,At risk
SUB2465,267,6,20329.86,2,4,4,10,Loyal
SUB3186,267,1,2440.57,2,1,1,4,Hibernation
SUB2016,267,3,12998.22,2,3,3,8,At risk
SUB2128,267,2,3259.37,2,2,1,5,Hibernation
SUB4891,267,3,11720.07,2,3,3,8,At risk
SUB1570,267,6,31142.14,2,4,4,10,Loyal
SUB4303,267,3,22517.38,2,3,4,9,Loyal
SUB4832,267,2,4579.5,2,2,2,6,At risk
SUB2345,266,3,17894.79,2,3,4,9,Loyal
SUB2879,266,3,5851.1,2,3,2,7,At risk
SUB3236,265,2,5894.69,2,2,2,6,At risk
SUB3797,265,3,409994.49,2,4,4,10,Loyal
SUB1895,265,2,23102.32,2,3,4,9,Loyal
SUB2136,265,2,2352.79,2,2,1,5,Hibernation
SUB3475,265,3,11514.28,2,3,3,8,At risk
SUB2761,265,2,5698.72,2,2,2,6,At risk
SUB2527,264,2,13219.41,2,2,3,7,At risk
SUB4362,264,3,15707.65,2,3,3,8,At risk
SUB1463,264,3,5292.46,2,3,2,7,At risk
SUB3044,264,3,13025.66,2,3,3,8,At risk
SUB1713,264,3,12714.72,2,3,3,8,At risk
SUB1894,264,4,21397.48,2,4,4,10,Loyal
SUB4686,264,3,26422.58,2,3,4,9,Loyal
SUB1506,263,1,9035.89,2,1,3,6,At risk
SUB1218,263,1,87.22,2,1,1,4,Hibernation
SUB4422,263,2,543380.07,2,3,4,9,Loyal
SUB1063,263,4,8314.05,2,4,2,8,At risk
SUB4602,263,2,830.57,2,2,1,5,Hibernation
SUB4518,263,2,8587.96,2,2,3,7,At risk
SUB2902,262,4,6397.66,2,4,2,8,At risk
SUB3451,262,2,17205.3,2,3,4,9,Loyal
SUB1999,262,1,17532.51,2,1,4,7,At risk
SUB2166,262,2,5495.86,2,2,2,6,At risk
SUB1217,262,2,16737.88,2,2,4,8,At risk
SUB4041,262,7,29321.21,2,4,4,10,Loyal
SUB2915,262,1,1828.74,2,1,1,4,Hibernation
SUB1309,262,3,18516.63,2,3,4,9,Loyal
SUB2768,261,2,431367.8,2,3,4,9,Loyal
SUB3054,261,2,912.3,2,2,1,5,Hibernation
SUB1401,261,2,13052.36,2,2,3,7,At risk
SUB2045,261,2,1302.88,2,2,1,5,Hibernation
SUB2700,261,3,3531076.99,2,3,4,9,Loyal
SUB1284,261,2,3564.77,2,2,2,6,At risk
SUB3187,261,2,8988.09,2,2,3,7,At risk
SUB1453,260,4,2218560.19,2,4,4,10,Loyal
SUB4807,260,2,16179.9,2,2,4,8,At risk
SUB2459,260,2,934.41,2,2,1,5,Hibernation
SUB1303,260,2,5752.26,2,2,2,6,At risk
SUB2486,259,1,4156.91,2,1,2,5,Hibernation
SUB3644,259,3,2887.89,2,3,1,6,At risk
SUB1249,259,2,6979.21,2,2,2,6,At risk
SUB2825,259,5,15516.34,2,4,3,9,Loyal
SUB4788,259,2,11976.54,2,2,3,7,At risk
SUB3500,259,2,2596.29,2,2,1,5,Hibernation
SUB2430,259,3,10834.04,2,3,3,8,At risk
SUB4191,259,3,1848765.43,2,3,4,9,Loyal
SUB4772,258,3,7508.85,2,3,2,7,At risk
SUB3250,258,1,120.09,2,1,1,4,Hibernation
SUB1419,258,5,20078.99,2,4,4,10,Loyal
SUB3061,258,1,1014.19,2,1,1,4,Hibernation
SUB2614,258,3,17320.0,2,3,4,9,Loyal
SUB4217,258,2,10899.28,2,2,3,7,At risk
SUB3978,258,2,3682.02,2,2,2,6,At risk
SUB3592,258,4,4772.51,2,4,2,8,At risk
SUB1911,258,1,1017.83,2,1,1,4,Hibernation
SUB3865,258,1,1840.19,2,1,1,4,Hibernation
SUB2329,257,4,2425752.42,2,4,4,10,Loyal
SUB4083,257,1,1282.03,2,1,1,4,Hibernation
SUB4131,257,3,1605924.82,2,3,4,9,Loyal
SUB1197,257,3,20587.1,2,3,4,9,Loyal
SUB4387,257,3,1948.91,2,4,1,7,At risk
SUB1509,257,2,3465.04,2,2,2,6,At risk
SUB2875,257,2,3749.79,2,2,2,6,At risk
SUB2529,257,3,6778.17,2,3,2,7,At risk
SUB2719,257,1,2720.75,2,1,1,4,Hibernation
SUB1052,257,3,6195.18,2,3,2,7,At risk
SUB2284,257,1,13624.31,2,1,3,6,At risk
SUB4118,256,3,7099.85,2,3,2,7,At risk
SUB4874,256,2,4204.03,2,2,2,6,At risk
SUB1907,256,3,4974.15,2,3,2,7,At risk
SUB3374,256,1,4276.98,2,1,2,5,Hibernation
SUB3062,256,1,4203.9,2,1,2,5,Hibernation
SUB2774,256,1,838.3,2,1,1,4,Hibernation
SUB2159,256,2,2995.6,2,2,1,5,Hibernation
SUB4261,256,3,21450.59,2,3,4,9,Loyal
SUB1832,256,7,22309.6,2,4,4,10,Loyal
SUB4904,255,2,1285.94,2,2,1,5,Hibernation
SUB3079,255,3,15979.95,2,3,3,8,At risk
SUB4009,255,3,3507.94,2,3,2,7,At risk
SUB2178,255,2,6449.53,2,2,2,6,At risk
SUB3535,255,1,1674.05,2,1,1,4,Hibernation
SUB1984,255,2,5340.04,2,2,2,6,At risk
SUB4146,255,2,6767.64,2,2,2,6,At risk
SUB2687,255,5,8875.36,2,4,3,9,Loyal
SUB2788,254,2,1173.32,2,2,1,5,Hibernation
SUB4228,254,4,11380.03,2,4,3,9,Loyal
SUB2922,254,4,9882.19,2,4,3,9,Loyal
SUB1869,254,1,7748.6,2,1,2,5,Hibernation
SUB3253,254,2,24982.65,2,3,4,9,Loyal
SUB4519,254,1,20203.01,2,1,4,7,At risk
SUB3002,254,2,597428.2,2,3,4,9,Loyal
SUB2908,254,2,199962.61,2,3,4,9,Loyal
SUB2598,254,3,3855.06,2,3,2,7,At risk
SUB4930,254,3,30143.34,2,3,4,9,Loyal
SUB3605,253,3,5166.19,2,3,2,7,At risk
SUB2145,253,1,5397.6,2,1,2,5,Hibernation
SUB1996,253,3,2475.77,2,3,1,6,At risk
SUB2752,253,3,3812.81,2,3,2,7,At risk
SUB1214,253,2,2011.66,2,2,1,5,Hibernation
SUB2197,253,3,3938.67,2,3,2,7,At risk
SUB4040,253,2,6728.01,2,2,2,6,At risk
SUB4119,253,4,374635.27,2,4,4,10,Loyal
SUB2677,253,2,4415.18,2,2,2,6,At risk
SUB2784,252,1,1370771.02,2,1,4,7,At risk
SUB2103,252,2,21567.73,2,3,4,9,Loyal
SUB2352,252,1,2795.84,2,1,1,4,Hibernation
SUB3407,252,2,368580.02,2,3,4,9,Loyal
SUB2845,252,3,6597.2,2,3,2,7,At risk
SUB2907,252,1,8230.71,2,1,2,5,Hibernation
SUB2809,252,3,7481.97,2,3,2,7,At risk
SUB1871,251,2,2674.96,2,2,1,5,Hibernation
SUB4135,251,1,482.54,2,1,1,4,Hibernation
SUB2811,251,3,8339.3,2,3,2,7,At risk
SUB4983,251,3,10853.37,2,4,3,9,Loyal
SUB1785,251,2,12455.87,2,2,3,7,At risk
SUB4616,251,2,4780.92,2,2,2,6,At risk
SUB1494,251,1,7314.81,2,1,2,5,Hibernation
SUB4161,251,3,7988.24,2,3,2,7,At risk
SUB1001,251,3,29504.59,2,3,4,9,Loyal
SUB4497,251,4,22380.09,2,4,4,10,Loyal
SUB4110,251,1,7516.89,2,1,2,5,Hibernation
SUB2203,251,3,1295.01,2,3,1,6,At risk
SUB4990,251,7,15229.7,2,4,3,9,Loyal
SUB4831,250,2,3143.18,2,2,1,5,Hibernation
SUB2764,250,2,3428.27,2,2,2,6,At risk
SUB2501,250,1,9320.25,2,1,3,6,At risk
SUB1244,250,2,512.57,2,2,1,5,Hibernation
SUB4699,250,4,9649.04,2,4,3,9,Loyal
SUB4482,250,2,9151.14,2,2,3,7,At risk
SUB3497,250,3,20174.55,2,3,4,9,Loyal
SUB4960,250,2,14865.42,2,2,3,7,At risk
SUB1436,249,3,10609.7,2,3,3,8,At risk
SUB4194,249,3,1751.98,2,3,1,6,At risk
SUB4845,249,1,1796.03,2,1,1,4,Hibernation
SUB4738,249,2,9752.6,2,2,3,7,At risk
SUB2391,249,3,15711.98,2,3,3,8,At risk
SUB1250,249,1,5088.44,2,1,2,5,Hibernation
SUB2860,249,3,5350.17,2,3,2,7,At risk
SUB4601,249,1,162.63,2,1,1,4,Hibernation
SUB4232,248,2,7760.87,2,2,2,6,At risk
SUB2070,248,3,20146.47,2,3,4,9,Loyal
SUB2172,248,2,8477.3,2,1,3,6,At risk
SUB4120,248,2,2626.23,2,2,1,5,Hibernation
SUB4343,248,2,3474.95,2,2,2,6,At risk
SUB2588,248,3,911.92,2,3,1,6,At risk
SUB3806,248,3,6308.31,2,3,2,7,At risk
SUB4420,248,3,10159.38,2,3,3,8,At risk
SUB3842,248,2,7526.42,2,2,2,6,At risk
SUB3242,247,4,10125.44,2,4,3,9,Loyal
SUB2713,247,4,8164.05,2,4,2,8,At risk
SUB1958,247,2,5265.81,2,2,2,6,At risk
SUB2988,247,4,17136.22,2,4,4,10,Loyal
SUB1701,247,6,30713.57,2,4,4,10,Loyal
SUB3493,247,1,138538.78,2,1,4,7,At risk
SUB1187,246,5,7390.25,2,4,2,8,At risk
SUB2746,246,3,6151.81,2,3,2,7,At risk
SUB3239,246,2,10989.61,2,2,3,7,At risk
SUB2931,246,4,27458.89,2,4,4,10,Loyal
SUB2574,246,3,7599.26,2,3,2,7,At risk
SUB1762,246,4,32107.77,2,4,4,10,Loyal
SUB1822,246,2,15951.49,2,2,3,7,At risk
SUB3345,246,2,12301.57,2,2,3,7,At risk
SUB4774,246,3,1170.13,2,4,1,7,At risk
SUB3163,246,1,7457.25,2,1,2,5,Hibernation
SUB1049,246,4,4168.61,2,4,2,8,At risk
SUB1796,245,2,2833.27,2,2,1,5,Hibernation
SUB2278,245,2,16550.73,2,2,4,8,At risk
SUB3637,245,2,12590.91,2,2,3,7,At risk
SUB2526,245,4,8523.87,2,4,3,9,Loyal
SUB4524,245,2,3680.43,2,2,2,6,At risk
SUB2557,245,2,10441.56,2,2,3,7,At risk
SUB3726,245,3,27367.66,2,3,4,9,Loyal
SUB2884,244,5,14715.27,2,4,3,9,Loyal
SUB2914,244,2,8738.54,2,2,3,7,At risk
SUB1524,244,1,285.89,2,1,1,4,Hibernation
SUB4821,244,4,8916.82,2,4,3,9,Loyal
SUB4321,244,3,5736.82,2,3,2,7,At risk
SUB4709,244,2,5658.09,2,2,2,6,At risk
SUB3950,244,2,1447.4,2,2,1,5,Hibernation
SUB2101,244,1,2123.37,2,1,1,4,Hibernation
SUB2173,244,1,2152.64,2,1,1,4,Hibernation
SUB4979,243,3,330668.38,2,3,4,9,Loyal
SUB1045,243,5,14645.1,2,4,3,9,Loyal
SUB2954,243,4,2439.4,2,4,1,7,At risk
SUB1327,243,5,29191.22,2,4,4,10,Loyal
SUB2758,243,3,7730.56,2,3,2,7,At risk
SUB3106,243,2,362.25,2,2,1,5,Hibernation
SUB4627,242,4,3366.73,2,4,1,7,At risk
SUB3102,242,2,1791.9,2,2,1,5,Hibernation
SUB3999,242,2,17500.37,2,3,4,9,Loyal
SUB4569,242,4,17343.36,2,4,4,10,Loyal
SUB2257,242,2,1446.82,2,2,1,5,Hibernation
SUB4586,242,2,1980.57,2,2,1,5,Hibernation
SUB1787,242,1,566.1,2,1,1,4,Hibernation
SUB1447,242,2,3612.12,2,2,2,6,At risk
SUB1658,242,4,16641.96,2,4,4,10,Loyal
SUB2859,242,1,13943.34,2,1,3,6,At risk
SUB1216,242,1,2470.32,2,1,1,4,Hibernation
SUB2041,242,1,261.03,2,1,1,4,Hibernation
SUB3310,242,5,24626.19,2,4,4,10,Loyal
SUB3148,242,1,4988.88,2,1,2,5,Hibernation
SUB1927,242,2,2085.37,2,2,1,5,Hibernation
SUB2926,242,2,1693.62,2,2,1,5,Hibernation
SUB3214,242,3,2542.04,2,3,1,6,At risk
SUB4875,242,3,3905.15,2,3,2,7,At risk
SUB1723,241,5,22071.34,2,4,4,10,Loyal
SUB3661,241,2,15098.25,2,2,3,7,At risk
SUB1569,241,1,514027.81,2,1,4,7,At risk
SUB4540,241,3,11108.75,2,3,3,8,At risk
SUB2653,241,1,4312.22,2,1,2,5,Hibernation
SUB3321,241,4,4418.81,2,4,2,8,At risk
SUB1323,241,2,881.53,2,2,1,5,Hibernation
SUB4029,241,1,670.37,2,1,1,4,Hibernation
SUB4153,241,1,2482.41,2,1,1,4,Hibernation
SUB4129,241,3,13623.14,2,3,3,8,At risk
SUB1228,241,2,21275.35,2,3,4,9,Loyal
SUB1242,241,6,22638.59,2,4,4,10,Loyal
SUB1759,241,3,5577.77,2,3,2,7,At risk
SUB3786,241,2,9211.11,2,2,3,7,At risk
SUB2000,241,4,19687.49,2,4,4,10,Loyal
SUB1142,241,2,5165.97,2,2,2,6,At risk
SUB1657,241,2,21318.57,2,3,4,9,Loyal
SUB1363,240,3,10414.36,2,3,3,8,At risk
SUB3237,240,1,490.5,2,1,1,4,Hibernation
SUB2747,240,4,12990.57,2,4,3,9,Loyal
SUB2925,240,3,16701.42,2,4,4,10,Loyal
SUB3299,240,2,1288.96,2,2,1,5,Hibernation
SUB2802,240,3,8895.57,2,3,3,8,At risk
SUB2213,240,3,11748.38,2,3,3,8,At risk
SUB2340,240,4,25605.98,2,4,4,10,Loyal
SUB4791,240,5,26836.62,2,4,4,10,Loyal
SUB4182,240,3,10186.16,2,3,3,8,At risk
SUB3098,239,2,4568.5,2,2,2,6,At risk
SUB3300,239,2,5527.54,2,2,2,6,At risk
SUB4546,239,1,900.04,2,1,1,4,Hibernation
SUB1474,239,3,7610.61,2,3,2,7,At risk
SUB3755,239,1,1570.54,2,1,1,4,Hibernation
SUB1629,239,2,13750.86,2,2,3,7,At risk
SUB2057,239,4,9133.79,2,4,3,9,Loyal
SUB1514,239,2,4459.86,2,2,2,6,At risk
SUB1776,239,2,7764.91,2,2,2,6,At risk
SUB3410,239,3,29415.39,2,3,4,9,Loyal
SUB4323,238,2,16756.38,2,2,4,8,At risk
SUB1150,238,3,23894.95,2,3,4,9,Loyal
SUB1851,238,3,20059.22,2,3,4,9,Loyal
SUB1593,238,2,80844.12,2,3,4,9,Loyal
SUB2797,238,3,20205.03,2,3,4,9,Loyal
SUB1950,238,3,10034.35,2,3,3,8,At risk
SUB1566,238,1,3022.34,2,1,1,4,Hibernation
SUB2890,238,5,113068.32,2,4,4,10,Loyal
SUB1165,238,1,252.32,2,1,1,4,Hibernation
SUB1928,237,2,7574.68,2,2,2,6,At risk
SUB4762,237,4,5288.2,2,4,2,8,At risk
SUB3639,237,2,8235.15,2,2,2,6,At risk
SUB2539,237,2,369.97,2,2,1,5,Hibernation
SUB1513,236,4,9329.31,2,4,3,9,Loyal
SUB3564,236,4,16923.36,2,4,4,10,Loyal
SUB1011,236,4,16285.93,2,4,4,10,Loyal
SUB3659,236,5,25397.06,2,4,4,10,Loyal
SUB3175,236,5,17122.79,2,4,4,10,Loyal
SUB4890,236,1,5576.4,2,1,2,5,Hibernation
SUB1771,236,2,13718.57,2,2,3,7,At risk
SUB1645,236,3,12171.14,2,3,3,8,At risk
SUB4916,236,4,7898.25,2,4,2,8,At risk
SUB4485,236,5,11175.85,2,4,3,9,Loyal
SUB1910,236,4,9310.72,2,4,3,9,Loyal
SUB3312,236,1,799.47,2,1,1,4,Hibernation
SUB2209,235,4,7084.72,2,4,2,8,At risk
SUB2151,235,2,6137.05,2,2,2,6,At risk
SUB2992,235,1,3242.59,2,1,1,4,Hibernation
SUB1891,235,4,10841.3,2,4,3,9,Loyal
SUB3712,235,3,11238.02,2,3,3,8,At risk
SUB2628,235,3,2207.43,2,3,1,6,At risk
SUB2618,235,3,4686.31,2,3,2,7,At risk
SUB4390,235,2,6697.72,2,2,2,6,At risk
SUB2611,235,2,3612.64,2,2,2,6,At risk
SUB4958,234,1,3010.68,2,1,1,4,Hibernation
SUB3525,234,3,12916.34,2,3,3,8,At risk
SUB3766,234,2,3970.45,2,2,2,6,At risk
SUB4579,234,5,18260.77,2,4,4,10,Loyal
SUB4000,234,5,18077.67,2,4,4,10,Loyal
SUB3588,234,5,6388.47,2,4,2,8,At risk
SUB1290,234,1,16152.2,2,1,3,6,At risk
SUB1337,234,3,1176.04,2,3,1,6,At risk
SUB1341,234,4,13083.64,2,4,3,9,Loyal
SUB4991,233,2,6527.88,2,2,2,6,At risk
SUB4138,233,3,5442.58,2,3,2,7,At risk
SUB4458,233,1,573.98,2,1,1,4,Hibernation
SUB4256,233,3,17550.58,2,3,4,9,Loyal
SUB1639,233,3,3254.56,2,3,1,6,At risk
SUB4262,233,2,8419.94,2,2,2,6,At risk
SUB3358,233,3,11232.05,2,3,3,8,At risk
SUB1551,233,2,9294.72,2,2,3,7,At risk
SUB3370,233,2,9393.54,2,2,3,7,At risk
SUB1650,233,4,1615250.42,2,4,4,10,Loyal
SUB1833,232,3,10393.18,2,3,3,8,At risk
SUB1164,232,2,13908.46,2,2,3,7,At risk
SUB4442,232,2,405.44,2,2,1,5,Hibernation
SUB1578,232,3,11038.77,2,3,3,8,At risk
SUB1029,232,1,1520.95,2,1,1,4,Hibernation
SUB3447,232,5,22539.4,2,4,4,10,Loyal
SUB3294,232,1,5804.82,2,1,2,5,Hibernation
SUB3700,232,5,14833.59,2,4,3,9,Loyal
SUB2224,231,4,4967.6,2,4,2,8,At risk
SUB3477,231,2,4712.48,2,2,2,6,At risk
SUB2806,231,1,652.06,2,1,1,4,Hibernation
SUB1640,231,3,2537.0,2,3,1,6,At risk
SUB3612,231,1,2845.37,2,1,1,4,Hibernation
SUB4259,231,3,33368.25,2,3,4,9,Loyal
SUB3332,231,3,3592.09,2,3,2,7,At risk
SUB3241,231,3,8436.05,2,3,2,7,At risk
SUB2640,231,3,5779.63,2,3,2,7,At risk
SUB4534,231,3,15117.11,2,3,3,8,At risk
SUB3719,231,1,3008.55,2,1,1,4,Hibernation
SUB2661,230,4,21376.53,2,4,4,10,Loyal
SUB3220,230,6,36902.9,2,4,4,10,Loyal
SUB2188,230,3,14476.85,2,3,3,8,At risk
SUB4692,230,3,12633.97,2,3,3,8,At risk
SUB2856,230,1,931.53,2,1,1,4,Hibernation
SUB2307,230,2,7493.36,2,2,2,6,At risk
SUB2142,230,2,3592.5,2,2,2,6,At risk
SUB4007,230,3,8088.74,2,3,2,7,At risk
SUB3928,230,1,620.16,2,1,1,4,Hibernation
SUB2721,229,3,40283.33,2,3,4,9,Loyal
SUB1138,229,1,18.7,2,1,1,4,Hibernation
SUB2943,229,3,3226.15,2,3,1,6,At risk
SUB2090,229,1,6669.81,2,1,2,5,Hibernation
SUB3897,229,1,2149.96,2,1,1,4,Hibernation
SUB1595,229,2,7064.08,2,2,2,6,At risk
SUB1345,229,3,3526.41,2,3,2,7,At risk
SUB2667,229,7,38481.99,2,4,4,10,Loyal
SUB2892,229,4,28258.37,3,4,4,11,Champion
SUB3466,229,1,250.84,3,1,1,5,Hibernation
SUB4253,229,6,16803.2,3,4,4,11,Champion
SUB1523,228,4,29059074.83,3,4,4,11,Champion
SUB4474,228,2,6241.74,3,2,2,7,At risk
SUB1427,228,2,2978.24,3,2,1,6,At risk
SUB1554,228,2,15722.49,3,2,3,8,At risk
SUB1248,228,5,9313.75,3,4,3,10,Loyal
SUB4416,228,1,1385.86,3,1,1,5,Hibernation
SUB1294,228,3,20754.21,3,3,4,10,Loyal
SUB2805,228,2,5330.75,3,2,2,7,At risk
SUB2416,228,5,22655.84,3,4,4,11,Champion
SUB2828,228,2,4193.21,3,2,2,7,At risk
SUB3347,227,3,176091.39,3,3,4,10,Loyal
SUB4866,227,3,8483.46,3,4,3,10,Loyal
SUB4151,227,3,2294.31,3,3,1,7,At risk
SUB3034,227,5,38263.54,3,4,4,11,Champion
SUB1113,227,1,4246.87,3,1,2,6,At risk
SUB1597,227,3,5145.57,3,3,2,8,At risk
SUB3107,227,3,1257.0,3,3,1,7,At risk
SUB1334,227,2,30540.17,3,3,4,10,Loyal
SUB3848,226,4,98280.34,3,4,4,11,Champion
SUB2298,226,2,12385.01,3,2,3,8,At risk
SUB4535,226,1,2519.2,3,1,1,5,Hibernation
SUB1857,226,3,8616.7,3,4,3,10,Loyal
SUB1963,226,2,11284.32,3,2,3,8,At risk
SUB3596,226,2,4921.55,3,2,2,7,At risk
SUB3731,226,3,1140.87,3,4,1,8,At risk
SUB2322,225,3,6118.53,3,3,2,8,At risk
SUB3813,225,3,13073.52,3,3,3,9,Loyal
SUB4919,225,1,3930.72,3,1,2,6,At risk
SUB1806,225,2,7445.73,3,2,2,7,At risk
SUB1517,225,3,10142.12,3,3,3,9,Loyal
SUB1959,225,5,20551.48,3,4,4,11,Champion
SUB1087,225,1,6147.75,3,1,2,6,At risk
SUB3351,225,5,33132.98,3,4,4,11,Champion
SUB2509,225,3,774.81,3,3,1,7,At risk
SUB1564,225,2,4159.73,3,2,2,7,At risk
SUB3559,225,4,102234.22,3,4,4,11,Champion
SUB4272,225,2,2358138.48,3,3,4,10,Loyal
SUB3975,224,4,29957.31,3,4,4,11,Champion
SUB4567,224,4,20825.6,3,4,4,11,Champion
SUB2938,224,1,248.77,3,1,1,5,Hibernation
SUB1594,224,1,5139.62,3,1,2,6,At risk
SUB2346,224,4,18755.37,3,4,4,11,Champion
SUB3528,224,3,2524.67,3,3,1,7,At risk
SUB1349,224,6,25017.83,3,4,4,11,Champion
SUB4235,224,1,3011.04,3,1,1,5,Hibernation
SUB4165,223,3,23648.99,3,4,4,11,Champion
SUB4307,223,4,15720.3,3,4,3,10,Loyal
SUB2810,223,2,5117.87,3,2,2,7,At risk
SUB3176,223,1,3613.18,3,1,2,6,At risk
SUB4157,223,1,976.32,3,1,1,5,Hibernation
SUB2979,223,3,10580.69,3,3,3,9,Loyal
SUB2392,223,2,10480.01,3,2,3,8,At risk
SUB2779,223,3,22382.14,3,3,4,10,Loyal
SUB4879,223,1,4714.52,3,1,2,6,At risk
SUB4581,223,3,14940.11,3,3,3,9,Loyal
SUB3363,223,2,1825.88,3,2,1,6,At risk
SUB2181,223,2,11447.16,3,2,3,8,At risk
SUB3303,222,2,13507.59,3,2,3,8,At risk
SUB2786,222,2,9527.41,3,2,3,8,At risk
SUB1802,222,2,4424.31,3,2,2,7,At risk
SUB1936,222,2,14785.89,3,2,3,8,At risk
SUB1805,222,5,34199.29,3,4,4,11,Champion
SUB3723,222,2,7714.67,3,2,2,7,At risk
SUB2818,222,4,8818.03,3,4,3,10,Loyal
SUB4861,222,1,5615.18,3,1,2,6,At risk
SUB2167,222,3,6866.82,3,3,2,8,At risk
SUB3184,222,1,744.54,3,1,1,5,Hibernation
SUB3443,221,3,18566.84,3,3,4,10,Loyal
SUB4052,221,2,7334.88,3,2,2,7,At risk
SUB1888,221,1,57.08,3,1,1,5,Hibernation
SUB3216,221,1,10039.68,3,1,3,7,At risk
SUB2191,221,6,11970.49,3,4,3,10,Loyal
SUB3696,221,2,11838.05,3,2,3,8,At risk
SUB4426,221,1,571.28,3,1,1,5,Hibernation
SUB3146,221,1,8364.1,3,1,2,6,At risk
SUB4209,221,4,9800.27,3,4,3,10,Loyal
SUB1148,220,3,955321.95,3,3,4,10,Loyal
SUB2274,220,3,17471.78,3,3,4,10,Loyal
SUB3971,220,1,331.0,3,1,1,5,Hibernation
SUB2970,220,4,13129.39,3,4,3,10,Loyal
SUB1190,220,2,1232.03,3,2,1,6,At risk
SUB2528,220,3,400894.76,3,3,4,10,Loyal
SUB2688,220,3,72053.69,3,3,4,10,Loyal
SUB3354,220,2,15093.53,3,2,3,8,At risk
SUB3427,220,1,3521.69,3,1,2,6,At risk
SUB1680,220,2,9977.75,3,2,3,8,At risk
SUB1676,220,2,9793.36,3,2,3,8,At risk
SUB3561,219,2,1933.74,3,2,1,6,At risk
SUB4981,219,2,13963.97,3,2,3,8,At risk
SUB4830,219,4,22366.09,3,4,4,11,Champion
SUB2627,219,4,22633.54,3,4,4,11,Champion
SUB1682,219,2,11400.17,3,2,3,8,At risk
SUB1196,219,3,19702.91,3,3,4,10,Loyal
SUB1361,219,3,208401.33,3,3,4,10,Loyal
SUB3157,219,3,20657.48,3,3,4,10,Loyal
SUB1358,219,2,6008.68,3,2,2,7,At risk
SUB1834,219,4,8700.89,3,4,3,10,Loyal
SUB4075,219,4,762817.89,3,4,4,11,Champion
SUB4809,219,2,1382.11,3,2,1,6,At risk
SUB3440,219,2,2488.11,3,2,1,6,At risk
SUB4852,219,2,2309.36,3,2,1,6,At risk
SUB3235,218,2,4412.8,3,2,2,7,At risk
SUB1561,218,3,15407.84,3,3,3,9,Loyal
SUB1898,218,1,12737.76,3,1,3,7,At risk
SUB4301,218,4,16941.88,3,4,4,11,Champion
SUB1470,218,4,19395.27,3,4,4,11,Champion
SUB2147,218,2,5872.5,3,2,2,7,At risk
SUB2670,218,4,19665.54,3,4,4,11,Champion
SUB3635,218,3,13019.12,3,3,3,9,Loyal
SUB1976,218,1,17240.6,3,1,4,8,At risk
SUB2344,218,2,8828.04,3,2,3,8,At risk
SUB2759,218,2,9793.53,3,2,3,8,At risk
SUB3925,218,2,9929.77,3,2,3,8,At risk
SUB2577,218,3,238800.31,3,3,4,10,Loyal
SUB4260,218,4,1793.47,3,4,1,8,At risk
SUB4971,218,1,2968.16,3,1,1,5,Hibernation
SUB3135,217,3,14914.39,3,3,3,9,Loyal
SUB4288,217,1,11616.22,3,1,3,7,At risk
SUB2089,217,4,26002.89,3,4,4,11,Champion
SUB3554,217,2,3894.38,3,2,2,7,At risk
SUB3455,217,1,2179.39,3,1,1,5,Hibernation
SUB2471,217,3,160363.06,3,3,4,10,Loyal
SUB4520,217,1,2133.52,3,1,1,5,Hibernation
SUB2133,217,4,22056.64,3,4,4,11,Champion
SUB1094,217,6,32650.84,3,4,4,11,Champion
SUB4939,217,1,504.53,3,1,1,5,Hibernation
SUB4488,217,1,634.13,3,1,1,5,Hibernation
SUB3892,217,6,53244.06,3,4,4,11,Champion
SUB4351,217,3,20322.26,3,3,4,10,Loyal
SUB2405,216,2,1043196.75,3,3,4,10,Loyal
SUB4026,216,2,1129577.75,3,3,4,10,Loyal
SUB4713,216,4,15509.1,3,4,3,10,Loyal
SUB2595,216,4,20708.14,3,4,4,11,Champion
SUB4907,216,2,8196.48,3,2,2,7,At risk
SUB1981,216,3,33774.31,3,3,4,10,Loyal
SUB2287,216,3,15598.84,3,3,3,9,Loyal
SUB2472,216,3,27834.96,3,3,4,10,Loyal
SUB4042,216,2,3805.64,3,2,2,7,At risk
SUB4927,216,2,230.89,3,1,1,5,Hibernation
SUB2513,216,3,23394.21,3,4,4,11,Champion
SUB4293,216,3,6030.47,3,3,2,8,At risk
SUB2610,216,2,4280.62,3,2,2,7,At risk
SUB2835,215,2,5409.77,3,2,2,7,At risk
SUB4748,215,7,21183.48,3,4,4,11,Champion
SUB3484,215,1,6650.76,3,1,2,6,At risk
SUB4952,215,1,1709.64,3,1,1,5,Hibernation
SUB1225,215,2,7830.51,3,2,2,7,At risk
SUB2550,215,2,7896.51,3,2,2,7,At risk
SUB1586,215,2,8192.32,3,2,2,7,At risk
SUB2576,215,4,7903.3,3,4,2,9,Loyal
SUB1980,215,2,9511.0,3,2,3,8,At risk
SUB2478,215,2,11648.48,3,2,3,8,At risk
SUB3496,215,4,2353.52,3,4,1,8,At risk
SUB3972,215,4,14627.89,3,4,3,10,Loyal
SUB2851,215,3,11805.16,3,3,3,9,Loyal
SUB2148,214,5,15357.61,3,4,3,10,Loyal
SUB1944,214,2,5578.25,3,2,2,7,At risk
SUB3329,214,3,24160.57,3,3,4,10,Loyal
SUB1542,214,1,452.25,3,1,1,5,Hibernation
SUB2468,214,1,2341.08,3,1,1,5,Hibernation
SUB4049,214,2,7427.87,3,2,2,7,At risk
SUB1302,213,2,5305.23,3,2,2,7,At risk
SUB2350,213,3,1645.07,3,4,1,8,At risk
SUB2554,213,3,53923.7,3,3,4,10,Loyal
SUB3371,213,3,197830.95,3,3,4,10,Loyal
SUB1331,213,1,2955.19,3,1,1,5,Hibernation
SUB2429,213,4,219757.99,3,4,4,11,Champion
SUB1764,213,1,383.52,3,1,1,5,Hibernation
SUB1773,213,2,9459.67,3,2,3,8,At risk
SUB4318,213,1,454.35,3,1,1,5,Hibernation
SUB3137,212,5,23984.17,3,4,4,11,Champion
SUB2680,212,3,11370.51,3,3,3,9,Loyal
SUB1579,212,3,4026.29,3,3,2,8,At risk
SUB3097,212,2,8093.6,3,2,2,7,At risk
SUB4002,212,3,4940.88,3,3,2,8,At risk
SUB1468,212,4,12592.55,3,4,3,10,Loyal
SUB4815,212,2,1790.47,3,2,1,6,At risk
SUB1091,212,2,17591.91,3,3,4,10,Loyal
SUB4383,212,2,6781.66,3,2,2,7,At risk
SUB1656,212,4,7475.21,3,4,2,9,Loyal
SUB4401,212,6,36290.88,3,4,4,11,Champion
SUB4266,211,1,370.69,3,1,1,5,Hibernation
SUB2349,211,2,1886.35,3,2,1,6,At risk
SUB3616,211,3,19238.75,3,3,4,10,Loyal
SUB1605,211,6,22636.15,3,4,4,11,Champion
SUB4102,211,2,12041.49,3,2,3,8,At risk
SUB1239,211,3,17430.54,3,3,4,10,Loyal
SUB2756,211,9,24384.65,3,4,4,11,Champion
SUB2342,211,1,5209.5,3,1,2,6,At risk
SUB1951,211,2,4906.08,3,2,2,7,At risk
SUB2003,211,3,9007.35,3,4,3,10,Loyal
SUB3123,211,3,11512.57,3,3,3,9,Loyal
SUB3338,211,1,250.32,3,1,1,5,Hibernation
SUB1359,210,5,26759.21,3,4,4,11,Champion
SUB2792,210,3,6433.78,3,3,2,8,At risk
SUB1788,210,3,2137.49,3,3,1,7,At risk
SUB1721,210,2,7602.24,3,2,2,7,At risk
SUB3512,210,4,18636.7,3,4,4,11,Champion
SUB1426,210,3,22768.36,3,3,4,10,Loyal
SUB1643,210,6,622485.41,3,4,4,11,Champion
SUB2368,210,1,1868.08,3,1,1,5,Hibernation
SUB4237,210,2,1361.7,3,2,1,6,At risk
SUB4785,210,1,7949.54,3,1,2,6,At risk
SUB3699,210,4,25559.78,3,4,4,11,Champion
SUB1660,209,1,517.02,3,1,1,5,Hibernation
SUB1972,209,5,18641.57,3,4,4,11,Champion
SUB2541,209,4,822867.46,3,4,4,11,Champion
SUB2077,209,4,703686.86,3,4,4,11,Champion
SUB3032,209,2,19720.71,3,3,4,10,Loyal
SUB2408,209,2,19310.36,3,3,4,10,Loyal
SUB1913,209,3,22523.02,3,3,4,10,Loyal
SUB1040,209,6,25632.77,3,4,4,11,Champion
SUB1765,209,4,23834.89,3,4,4,11,Champion
SUB4067,209,3,11498.97,3,3,3,9,Loyal
SUB3676,208,4,8971.87,3,4,3,10,Loyal
SUB1624,208,3,12113.66,3,3,3,9,Loyal
SUB3437,208,3,7140.64,3,3,2,8,At risk
SUB1268,208,1,73.17,3,1,1,5,Hibernation
SUB3420,208,2,8523.69,3,2,3,8,At risk
SUB3720,208,2,1787.36,3,2,1,6,At risk
SUB3305,207,2,12454.19,3,2,3,8,At risk
SUB3799,207,3,9393.5,3,3,3,9,Loyal
SUB4013,207,3,4604.99,3,3,2,8,At risk
SUB4624,207,3,28001.38,3,3,4,10,Loyal
SUB2277,207,3,18611.16,3,3,4,10,Loyal
SUB3368,207,3,14041.51,3,3,3,9,Loyal
SUB2384,207,1,60.39,3,1,1,5,Hibernation
SUB3287,207,4,17508.41,3,4,4,11,Champion
SUB1293,207,3,17690.92,3,3,4,10,Loyal
SUB1004,207,1,5706.36,3,1,2,6,At risk
SUB4353,207,3,8571.79,3,4,3,10,Loyal
SUB2775,207,4,6799.35,3,4,2,9,Loyal
SUB1727,207,6,27058.56,3,4,4,11,Champion
SUB2347,207,2,4361.31,3,2,2,7,At risk
SUB2561,207,1,43.75,3,1,1,5,Hibernation
SUB2919,207,2,8752.02,3,2,3,8,At risk
SUB1646,206,1,1286.95,3,1,1,5,Hibernation
SUB4107,206,4,10115.4,3,4,3,10,Loyal
SUB2175,206,2,1125276.2,3,3,4,10,Loyal
SUB2622,206,7,42826.01,3,4,4,11,Champion
SUB2861,206,2,6841.89,3,2,2,7,At risk
SUB2597,206,3,21335.59,3,3,4,10,Loyal
SUB3768,206,4,4328.45,3,4,2,9,Loyal
SUB1070,206,4,6380.25,3,4,2,9,Loyal
SUB4039,206,4,13709.04,3,4,3,10,Loyal
SUB1661,206,3,14840.99,3,3,3,9,Loyal
SUB2866,206,4,26197.95,3,4,4,11,Champion
SUB3153,206,1,235.65,3,1,1,5,Hibernation
SUB2177,206,1,154.28,3,1,1,5,Hibernation
SUB2031,206,5,10968.93,3,4,3,10,Loyal
SUB1937,206,1,1856.52,3,1,1,5,Hibernation
SUB4509,206,3,9629.86,3,3,3,9,Loyal
SUB1488,206,1,2365.88,3,1,1,5,Hibernation
SUB3741,206,2,3483.1,3,2,2,7,At risk
SUB2651,206,4,24585.14,3,4,4,11,Champion
SUB3818,205,3,4345.12,3,3,2,8,At risk
SUB4696,205,1,1234.03,3,1,1,5,Hibernation
SUB2525,205,5,20154.55,3,4,4,11,Champion
SUB3041,205,3,18361.55,3,3,4,10,Loyal
SUB3780,205,3,13551.27,3,3,3,9,Loyal
SUB2927,204,4,6942.84,3,4,2,9,Loyal
SUB3436,204,2,5930.72,3,2,2,7,At risk
SUB3339,204,6,19011.34,3,4,4,11,Champion
SUB1855,204,3,16003.94,3,3,3,9,Loyal
SUB3625,204,3,4334.79,3,3,2,8,At risk
SUB3261,204,3,7817.97,3,3,2,8,At risk
SUB2586,204,2,11650.86,3,2,3,8,At risk
SUB3762,204,2,14836.38,3,2,3,8,At risk
SUB3234,204,2,5209.62,3,2,2,7,At risk
SUB3505,204,3,19427.91,3,3,4,10,Loyal
SUB1292,203,3,2061.76,3,3,1,7,At risk
SUB4764,203,4,8024.74,3,4,2,9,Loyal
SUB1830,203,1,12132.29,3,1,3,7,At risk
SUB4440,203,4,18680.77,3,4,4,11,Champion
SUB1273,203,2,782.27,3,2,1,6,At risk
SUB3177,203,4,19569.49,3,4,4,11,Champion
SUB1322,203,2,1969.28,3,2,1,6,At risk
SUB1962,203,2,3053.97,3,2,1,6,At risk
SUB2043,203,4,10284.32,3,4,3,10,Loyal
SUB3144,203,1,5954.26,3,1,2,6,At risk
SUB4963,203,1,14197.12,3,1,3,7,At risk
SUB1530,203,3,14585.79,3,3,3,9,Loyal
SUB4751,203,2,6009.25,3,2,2,7,At risk
SUB4212,203,2,9480.03,3,2,3,8,At risk
SUB4476,203,3,16054.45,3,3,3,9,Loyal
SUB4199,202,2,2179.41,3,2,1,6,At risk
SUB2827,202,4,5807.63,3,4,2,9,Loyal
SUB1332,202,4,49408.49,3,4,4,11,Champion
SUB2264,202,3,20745.71,3,3,4,10,Loyal
SUB4284,202,2,11841.42,3,2,3,8,At risk
SUB1847,202,4,12021.42,3,4,3,10,Loyal
SUB3318,202,3,109897.17,3,3,4,10,Loyal
SUB1410,202,3,10224.33,3,3,3,9,Loyal
SUB3660,202,1,386708.27,3,1,4,8,At risk
SUB4108,202,2,4581.29,3,2,2,7,At risk
SUB2343,202,5,11508.3,3,4,3,10,Loyal
SUB1899,201,4,8684.77,3,4,3,10,Loyal
SUB1487,201,2,8066.76,3,2,2,7,At risk
SUB1003,201,5,18953.82,3,4,4,11,Champion
SUB4606,201,3,25686.95,3,3,4,10,Loyal
SUB3039,201,3,23869.9,3,3,4,10,Loyal
SUB3887,201,2,2474.84,3,2,1,6,At risk
SUB3467,201,2,1922.54,3,2,1,6,At risk
SUB4372,201,2,212286.44,3,3,4,10,Loyal
SUB3416,200,3,11443.8,3,3,3,9,Loyal
SUB2134,200,4,5284.09,3,4,2,9,Loyal
SUB4180,200,4,13479.06,3,4,3,10,Loyal
SUB1448,200,3,6191.6,3,3,2,8,At risk
SUB3395,200,2,13178.98,3,2,3,8,At risk
SUB4585,200,2,4059.03,3,2,2,7,At risk
SUB2371,200,4,12318.92,3,4,3,10,Loyal
SUB2545,200,1,1259.75,3,1,1,5,Hibernation
SUB2199,200,3,14688.42,3,3,3,9,Loyal
SUB3831,200,4,8576.17,3,4,3,10,Loyal
SUB3980,200,5,5721.55,3,4,2,9,Loyal
SUB1598,200,2,1931.04,3,2,1,6,At risk
SUB4464,200,4,875653.57,3,4,4,11,Champion
SUB4206,200,2,7903.28,3,2,2,7,At risk
SUB4951,200,4,13907.05,3,4,3,10,Loyal
SUB2112,199,1,2.87,3,1,1,5,Hibernation
SUB4746,199,2,6152.65,3,2,2,7,At risk
SUB4133,199,4,16009.26,3,4,3,10,Loyal
SUB4176,199,3,11206.62,3,3,3,9,Loyal
SUB1675,199,3,24307.77,3,3,4,10,Loyal
SUB4769,199,3,679787.08,3,3,4,10,Loyal
SUB3617,199,3,7769.87,3,3,2,8,At risk
SUB3900,199,2,4299.47,3,2,2,7,At risk
SUB2848,199,2,4316.29,3,2,2,7,At risk
SUB4739,199,5,14235.68,3,4,3,10,Loyal
SUB4623,199,3,1263.39,3,3,1,7,At risk
SUB2121,199,1,2864.34,3,1,1,5,Hibernation
SUB3417,199,2,16324.83,3,2,4,9,Loyal
SUB3476,199,4,7763.73,3,4,2,9,Loyal
SUB3128,199,4,10261.45,3,4,3,10,Loyal
SUB3014,199,2,9084.65,3,2,3,8,At risk
SUB2098,199,2,5702.8,3,2,2,7,At risk
SUB1525,198,3,7781.08,3,3,2,8,At risk
SUB3203,198,2,1785.3,3,2,1,6,At risk
SUB3248,198,2,3387.54,3,2,1,6,At risk
SUB1461,198,3,18096.69,3,3,4,10,Loyal
SUB3941,198,5,230568.92,3,4,4,11,Champion
SUB1330,198,1,5198.54,3,1,2,6,At risk
SUB4776,198,3,10835.79,3,3,3,9,Loyal
SUB1766,198,2,10566.7,3,2,3,8,At risk
SUB4014,198,1,447.59,3,1,1,5,Hibernation
SUB4158,198,3,566168.92,3,4,4,11,Champion
SUB4795,198,2,9495.1,3,2,3,8,At risk
SUB1395,197,3,14903.57,3,3,3,9,Loyal
SUB4932,197,1,81.21,3,1,1,5,Hibernation
SUB1909,197,3,15363.79,3,3,3,9,Loyal
SUB2210,197,2,17368.16,3,3,4,10,Loyal
SUB2593,197,3,6728.33,3,3,2,8,At risk
SUB1808,197,3,10793.62,3,3,3,9,Loyal
SUB3240,197,2,8434.02,3,2,2,7,At risk
SUB1174,197,4,8895.07,3,4,3,10,Loyal
SUB4092,197,1,1335.2,3,1,1,5,Hibernation
SUB4611,197,3,3024.66,3,3,1,7,At risk
SUB2514,197,5,9650.07,3,4,3,10,Loyal
SUB2049,197,1,1572.48,3,1,1,5,Hibernation
SUB3053,197,5,21096.97,3,4,4,11,Champion
SUB3769,197,1,68.59,3,1,1,5,Hibernation
SUB2317,196,5,24417.6,3,4,4,11,Champion
SUB4309,196,1,866.23,3,1,1,5,Hibernation
SUB2681,196,3,13449.69,3,3,3,9,Loyal
SUB2952,196,2,811.4,3,2,1,6,At risk
SUB3714,196,1,1460.48,3,1,1,5,Hibernation
SUB2294,196,4,6007.45,3,4,2,9,Loyal
SUB4592,196,1,13080.24,3,1,3,7,At risk
SUB3983,196,5,32806.16,3,4,4,11,Champion
SUB4634,196,2,2326.46,3,2,1,6,At risk
SUB3653,196,5,24199.36,3,4,4,11,Champion
SUB2665,196,3,13306.55,3,3,3,9,Loyal
SUB3268,196,5,9910.98,3,4,3,10,Loyal
SUB3301,196,3,9622.15,3,3,3,9,Loyal
SUB2520,195,4,42794.93,3,4,4,11,Champion
SUB1411,195,2,782.02,3,2,1,6,At risk
SUB3046,195,3,11638.03,3,3,3,9,Loyal
SUB2982,195,3,10372.3,3,3,3,9,Loyal
SUB1099,195,3,19328.87,3,3,4,10,Loyal
SUB1199,194,2,6076.75,3,2,2,7,At risk
SUB1823,194,2,12780.22,3,2,3,8,At risk
SUB1465,194,4,18013.2,3,4,4,11,Champion
SUB3502,194,1,371.72,3,1,1,5,Hibernation
SUB2607,193,3,9713.84,3,3,3,9,Loyal
SUB3982,193,4,39831.06,3,4,4,11,Champion
SUB3379,193,3,8264.81,3,3,2,8,At risk
SUB4913,193,2,1813209.71,3,3,4,10,Loyal
SUB4648,193,5,42168.08,3,4,4,11,Champion
SUB1632,193,2,5754.66,3,2,2,7,At risk
SUB1299,193,4,24277.62,3,4,4,11,Champion
SUB1922,192,7,24929.44,3,4,4,11,Champion
SUB4084,192,3,23154.63,3,3,4,10,Loyal
SUB4514,192,2,5556.16,3,2,2,7,At risk
SUB2422,192,3,16331.55,3,4,4,11,Champion
SUB2398,192,2,2195810.66,3,3,4,10,Loyal
SUB1780,192,3,4866.55,3,4,2,9,Loyal
SUB1549,192,2,11788.09,3,2,3,8,At risk
SUB4794,192,3,17794.89,3,3,4,10,Loyal
SUB3365,192,3,24160.37,3,3,4,10,Loyal
SUB2102,192,3,38611.44,3,3,4,10,Loyal
SUB3145,192,2,2975.6,3,2,1,6,At risk
SUB2083,192,2,16390.03,3,2,4,9,Loyal
SUB2920,192,3,15188.5,3,3,3,9,Loyal
SUB2001,190,3,2375939.68,3,3,4,10,Loyal
SUB1519,190,2,7695.22,3,2,2,7,At risk
SUB2131,190,4,621117.09,3,4,4,11,Champion
SUB1028,190,4,24839.39,3,4,4,11,Champion
SUB3480,190,3,891.3,3,3,1,7,At risk
SUB4443,190,6,24829.86,3,4,4,11,Champion
SUB2540,190,4,19097.17,3,4,4,11,Champion
SUB1240,190,2,5940.69,3,2,2,7,At risk
SUB2413,189,2,2479.39,3,2,1,6,At risk
SUB4516,189,2,4087.26,3,2,2,7,At risk
SUB4822,189,2,7416.91,3,2,2,7,At risk
SUB1125,189,5,8553.25,3,4,3,10,Loyal
SUB2823,188,3,7863.34,3,3,2,8,At risk
SUB3811,188,3,24976.36,3,3,4,10,Loyal
SUB4660,188,4,22149.63,3,4,4,11,Champion
SUB2449,188,2,18003.53,3,3,4,10,Loyal
SUB3567,188,1,12701.78,3,1,3,7,At risk
SUB2464,187,2,10143.82,3,2,3,8,At risk
SUB1456,187,3,6587.01,3,3,2,8,At risk
SUB2745,187,5,19324.3,3,4,4,11,Champion
SUB1836,187,1,726.19,3,1,1,5,Hibernation
SUB1350,187,1,180823.26,3,1,4,8,At risk
SUB2596,187,2,1898.21,3,2,1,6,At risk
SUB2085,187,5,16913.87,3,4,4,11,Champion
SUB3309,187,2,11534.47,3,2,3,8,At risk
SUB4113,187,4,12439.41,3,4,3,10,Loyal
SUB1400,186,4,4648.67,3,4,2,9,Loyal
SUB2194,185,5,702885.08,3,4,4,11,Champion
SUB3403,185,2,16079.57,3,2,3,8,At risk
SUB2923,185,4,12160.94,3,4,3,10,Loyal
SUB2910,185,3,4425.96,3,3,2,8,At risk
SUB2839,185,5,21866.72,3,4,4,11,Champion
SUB1318,185,3,6317.64,3,3,2,8,At risk
SUB1679,185,4,1077.86,3,4,1,8,At risk
SUB1160,184,2,16270.62,3,2,4,9,Loyal
SUB2196,184,2,8237.26,3,2,2,7,At risk
SUB4968,184,3,16856.56,3,4,4,11,Champion
SUB3576,184,3,16317.42,3,4,4,11,Champion
SUB3636,184,3,9986.77,3,3,3,9,Loyal
SUB3468,184,3,12607.05,3,3,3,9,Loyal
SUB3883,183,2,22003.45,3,3,4,10,Loyal
SUB4833,183,5,7083.18,3,4,2,9,Loyal
SUB3742,183,3,3411122.44,3,3,4,10,Loyal
SUB3758,183,2,349.07,3,2,1,6,At risk
SUB2165,182,2,1840.27,3,2,1,6,At risk
SUB2187,182,2,4832.41,3,2,2,7,At risk
SUB1606,182,4,22754.01,3,4,4,11,Champion
SUB4994,182,2,2690.3,3,2,1,6,At risk
SUB3482,182,4,9851.02,3,4,3,10,Loyal
SUB1620,182,4,13325.74,3,4,3,10,Loyal
SUB4681,182,2,12120.1,3,2,3,8,At risk
SUB4188,182,5,18730.47,3,4,4,11,Champion
SUB4920,182,4,54366.57,3,4,4,11,Champion
SUB1882,182,4,7694.29,3,4,2,9,Loyal
SUB3259,182,3,9001.62,3,3,3,9,Loyal
SUB1452,181,3,12429.4,3,3,3,9,Loyal
SUB2771,181,3,22990.86,3,3,4,10,Loyal
SUB4925,181,2,1556.35,3,2,1,6,At risk
SUB3333,181,3,7117.44,3,3,2,8,At risk
SUB3874,181,2,3741.65,3,2,2,7,At risk
SUB2258,180,3,10249.06,3,3,3,9,Loyal
SUB3362,180,3,9646.27,3,3,3,9,Loyal
SUB1587,180,1,235.38,3,1,1,5,Hibernation
SUB3069,180,2,13590.14,3,2,3,8,At risk
SUB2295,180,4,15346.93,3,4,3,10,Loyal
SUB4431,180,2,7301.39,3,2,2,7,At risk
SUB2318,180,2,16745.33,3,2,4,9,Loyal
SUB1380,179,3,6023.89,3,3,2,8,At risk
SUB1638,179,2,12685.25,3,2,3,8,At risk
SUB4006,179,4,11099.24,3,4,3,10,Loyal
SUB4967,179,2,6207.53,3,2,2,7,At risk
SUB3091,179,1,72.69,3,1,1,5,Hibernation
SUB1085,179,2,2124.64,3,2,1,6,At risk
SUB1840,178,2,4898.78,3,2,2,7,At risk
SUB2427,178,6,31260.46,3,4,4,11,Champion
SUB1408,178,3,763318.5,3,3,4,10,Loyal
SUB4286,178,5,4104.26,3,4,2,9,Loyal
SUB4019,177,6,586622.83,3,4,4,11,Champion
SUB1257,177,3,7543.79,3,3,2,8,At risk
SUB4756,177,3,13039.32,3,3,3,9,Loyal
SUB4714,177,3,443377.34,3,4,4,11,Champion
SUB1193,177,1,107.79,3,1,1,5,Hibernation
SUB2061,177,3,489483.73,3,4,4,11,Champion
SUB2522,176,6,6944.8,3,4,2,9,Loyal
SUB3375,176,3,8585.88,3,4,3,10,Loyal
SUB1154,176,6,18760.51,3,4,4,11,Champion
SUB4704,176,6,8900.99,3,4,3,10,Loyal
SUB1056,176,5,13959.84,3,4,3,10,Loyal
SUB1563,176,2,825.56,3,2,1,6,At risk
SUB1131,176,4,1050060.84,3,4,4,11,Champion
SUB2682,175,4,27448.52,3,4,4,11,Champion
SUB4853,175,2,4334.69,3,2,2,7,At risk
SUB2521,175,4,164261571.15,3,4,4,11,Champion
SUB1816,175,2,2791.23,3,2,1,6,At risk
SUB1741,174,8,23716.27,3,4,4,11,Champion
SUB1033,174,3,11035.8,3,3,3,9,Loyal
SUB3045,174,6,17360.45,3,4,4,11,Champion
SUB1338,174,4,409767.73,3,4,4,11,Champion
SUB1844,174,2,7778.46,3,2,2,7,At risk
SUB4885,174,4,26295.9,3,4,4,11,Champion
SUB3521,174,5,17839.1,3,4,4,11,Champion
SUB2438,174,6,15861.16,3,4,3,10,Loyal
SUB3355,174,4,10425.65,3,4,3,10,Loyal
SUB3675,173,2,631348.12,3,3,4,10,Loyal
SUB1571,173,4,619472.95,3,4,4,11,Champion
SUB3973,173,4,16384.09,3,4,4,11,Champion
SUB4559,173,2,1955.74,3,2,1,6,At risk
SUB3037,173,4,340534.21,3,4,4,11,Champion
SUB3131,173,3,23888.19,3,3,4,10,Loyal
SUB4504,173,3,21866.52,3,3,4,10,Loyal
SUB3807,173,3,10696.87,3,3,3,9,Loyal
SUB2590,173,2,9093.4,3,2,3,8,At risk
SUB1703,173,2,2348.64,3,2,1,6,At risk
SUB4625,172,3,14078.62,3,3,3,9,Loyal
SUB4011,172,3,31944.92,3,3,4,10,Loyal
SUB1247,172,3,13949.72,3,3,3,9,Loyal
SUB1376,172,3,14224.45,3,3,3,9,Loyal
SUB1905,172,3,3477087.28,3,3,4,10,Loyal
SUB4676,172,3,20371.9,3,3,4,10,Loyal
SUB1889,172,2,5342.39,3,2,2,7,At risk
SUB4883,171,3,30495.03,3,3,4,10,Loyal
SUB1616,171,2,2990.78,3,2,1,6,At risk
SUB2179,171,5,22136.82,3,4,4,11,Champion
SUB1729,171,3,29370.11,3,3,4,10,Loyal
SUB3961,171,4,25850.04,3,4,4,11,Champion
SUB2124,171,1,241.67,3,1,1,5,Hibernation
SUB2609,171,2,6349.54,3,2,2,7,At risk
SUB4345,171,2,13793.72,3,2,3,8,At risk
SUB1479,170,2,21758.82,3,3,4,10,Loyal
SUB1533,170,2,3459.75,3,2,2,7,At risk
SUB4446,170,3,18311.37,3,3,4,10,Loyal
SUB1386,170,1,12426.61,3,1,3,7,At risk
SUB1611,170,5,2515446.13,3,4,4,11,Champion
SUB4898,170,3,5018.97,3,3,2,8,At risk
SUB2473,169,3,5860.57,3,3,2,8,At risk
SUB4545,169,8,22544.57,3,4,4,11,Champion
SUB1719,169,3,3547.82,3,3,2,8,At risk
SUB4905,168,1,1636.84,3,1,1,5,Hibernation
SUB1258,168,1,4931.95,3,1,2,6,At risk
SUB4610,168,1,1014.16,3,1,1,5,Hibernation
SUB2337,168,3,848.54,3,3,1,7,At risk
SUB3024,168,1,94.42,3,1,1,5,Hibernation
SUB1418,167,2,8263.57,3,2,2,7,At risk
SUB2386,167,2,13220.22,3,2,3,8,At risk
SUB3209,166,1,8096.28,3,1,2,6,At risk
SUB1006,166,5,18615.69,3,4,4,11,Champion
SUB3823,166,3,26187.8,3,3,4,10,Loyal
SUB3295,166,2,24804.42,3,3,4,10,Loyal
SUB4400,165,4,9289.41,3,4,3,10,Loyal
SUB3441,165,4,19766.21,3,4,4,11,Champion
SUB2767,165,2,7209.4,3,2,2,7,At risk
SUB4395,165,3,14110.13,3,3,3,9,Loyal
SUB2621,164,4,8690.38,3,4,3,10,Loyal
SUB4020,164,1,9395.4,3,1,3,7,At risk
SUB2032,164,2,8939.77,3,2,3,8,At risk
SUB1757,164,5,978827.73,3,4,4,11,Champion
SUB3377,164,3,13186.4,3,3,3,9,Loyal
SUB4999,163,2,6066.59,3,2,2,7,At risk
SUB2285,163,3,16206.27,3,4,4,11,Champion
SUB4167,163,4,21535.09,3,4,4,11,Champion
SUB3611,163,1,3681.48,3,1,2,6,At risk
SUB3269,163,4,4346.7,3,4,2,9,Loyal
SUB4050,163,3,6219.71,3,3,2,8,At risk
SUB3474,163,3,12279.68,3,3,3,9,Loyal
SUB3763,163,6,369131.79,3,4,4,11,Champion
SUB1373,162,3,29760.21,3,3,4,10,Loyal
SUB3172,162,3,16076.2,3,3,3,9,Loyal
SUB3893,162,3,10264.92,3,3,3,9,Loyal
SUB2850,162,5,21468.52,3,4,4,11,Champion
SUB3603,161,2,8217.75,3,2,2,7,At risk
SUB3586,161,2,1410.94,3,2,1,6,At risk
SUB2701,161,3,5494.33,3,3,2,8,At risk
SUB1124,160,3,12019.37,3,3,3,9,Loyal
SUB3615,160,2,2006.47,3,2,1,6,At risk
SUB4282,160,5,8103.0,3,4,2,9,Loyal
SUB1335,160,1,9549.67,3,1,3,7,At risk
SUB3845,160,3,4730.31,3,4,2,9,Loyal
SUB2502,160,4,47707.07,3,4,4,11,Champion
SUB1431,160,2,19085.42,3,3,4,10,Loyal
SUB2202,160,2,5529.92,3,2,2,7,At risk
SUB2034,159,1,551.16,3,1,1,5,Hibernation
SUB1126,159,4,29986.92,3,4,4,11,Champion
SUB1750,159,3,2873.33,3,3,1,7,At risk
SUB2951,159,3,19196.51,3,3,4,10,Loyal
SUB2911,159,1,1328.61,3,1,1,5,Hibernation
SUB1224,159,2,4730.67,3,2,2,7,At risk
SUB2900,159,3,6689.54,3,3,2,8,At risk
SUB3757,159,4,16772.2,3,4,4,11,Champion
SUB2496,159,6,13421.27,3,4,3,10,Loyal
SUB4140,159,1,1141.42,3,1,1,5,Hibernation
SUB2127,158,2,1695.73,3,2,1,6,At risk
SUB4826,158,2,4814.9,3,2,2,7,At risk
SUB3109,158,3,6400.41,3,3,2,8,At risk
SUB3607,158,1,923.23,3,1,1,5,Hibernation
SUB3867,158,3,11431.87,3,3,3,9,Loyal
SUB4175,158,1,6447.67,3,1,2,6,At risk
SUB1662,158,3,9733.53,3,3,3,9,Loyal
SUB1923,158,6,154197.78,3,4,4,11,Champion
SUB1879,158,5,5393.68,3,4,2,9,Loyal
SUB3678,158,1,5501.47,3,1,2,6,At risk
SUB3122,157,1,5816.89,3,1,2,6,At risk
SUB1031,157,3,1160.92,3,4,1,8,At risk
SUB1168,157,3,5454.88,3,3,2,8,At risk
SUB1824,157,4,5809.49,3,4,2,9,Loyal
SUB3889,157,2,3003.7,3,2,1,6,At risk
SUB1485,157,5,26231.88,3,4,4,11,Champion
SUB2817,156,5,20229.95,3,4,4,11,Champion
SUB1555,156,6,20811.59,3,4,4,11,Champion
SUB2479,156,4,12944.52,3,4,3,10,Loyal
SUB3352,156,4,13299.07,3,4,3,10,Loyal
SUB1607,156,3,1049004.08,3,3,4,10,Loyal
SUB2666,156,1,267.3,3,1,1,5,Hibernation
SUB4454,156,5,3816.34,3,4,2,9,Loyal
SUB4949,156,4,15488.93,3,4,3,10,Loyal
SUB2082,155,3,9370.13,3,3,3,9,Loyal
SUB4327,155,3,8754.68,3,3,3,9,Loyal
SUB2452,155,1,88.11,3,1,1,5,Hibernation
SUB4880,155,5,16641.74,3,4,4,11,Champion
SUB3094,154,3,8053.32,3,3,2,8,At risk
SUB2154,154,3,2391.04,3,3,1,7,At risk
SUB3578,154,7,34474.89,3,4,4,11,Champion
SUB3938,154,3,16324.18,3,4,4,11,Champion
SUB1043,154,6,21441.46,3,4,4,11,Champion
SUB1815,154,5,16722.85,3,4,4,11,Champion
SUB4091,154,3,6820.95,3,3,2,8,At risk
SUB3383,153,2,905.26,3,2,1,6,At risk
SUB3152,153,3,121798.89,3,3,4,10,Loyal
SUB4268,153,2,508.08,3,2,1,6,At risk
SUB4028,153,3,4305.04,3,3,2,8,At risk
SUB3934,153,4,4112.08,3,4,2,9,Loyal
SUB2691,153,3,6546.3,3,3,2,8,At risk
SUB2662,153,3,9742.79,3,3,3,9,Loyal
SUB4326,153,2,2374.59,3,2,1,6,At risk
SUB1013,153,4,9836.59,3,4,3,10,Loyal
SUB2026,153,3,12381.42,3,3,3,9,Loyal
SUB4490,153,4,25470.11,3,4,4,11,Champion
SUB4227,152,8,12879.08,3,4,3,10,Loyal
SUB3218,152,4,10666.34,3,4,3,10,Loyal
SUB2071,152,3,15567.37,3,3,3,9,Loyal
SUB3729,152,2,9667.63,3,2,3,8,At risk
SUB4749,152,4,25163.87,3,4,4,11,Champion
SUB3182,152,1,1453.5,3,1,1,5,Hibernation
SUB1791,151,5,17559.75,3,4,4,11,Champion
SUB2976,151,3,9453.42,3,3,3,9,Loyal
SUB1699,151,3,3085.8,3,3,1,7,At risk
SUB4337,150,2,10310.18,3,2,3,8,At risk
SUB2353,150,3,11819.33,3,3,3,9,Loyal
SUB2953,150,1,4876.33,3,1,2,6,At risk
SUB1633,150,2,13973.89,3,2,3,8,At risk
SUB2390,150,5,175853.93,3,4,4,11,Champion
SUB1591,149,4,15114.18,3,4,3,10,Loyal
SUB3632,149,2,7925.82,3,2,2,7,At risk
SUB4597,149,3,11639.84,3,3,3,9,Loyal
SUB1730,149,4,1174573.98,3,4,4,11,Champion
SUB1288,149,5,41462.25,3,4,4,11,Champion
SUB1270,149,5,20481.8,3,4,4,11,Champion
SUB4406,149,1,12175.23,3,1,3,7,At risk
SUB2898,149,1,348.16,3,1,1,5,Hibernation
SUB3341,148,1,1132.51,3,1,1,5,Hibernation
SUB3136,148,3,4947.39,3,3,2,8,At risk
SUB1230,147,1,171.61,3,1,1,5,Hibernation
SUB2425,147,5,28664.8,3,4,4,11,Champion
SUB3994,147,3,15601.66,3,3,3,9,Loyal
SUB4483,147,3,6940.7,3,3,2,8,At risk
SUB2458,147,5,13616.96,3,4,3,10,Loyal
SUB1728,147,2,9523.64,3,2,3,8,At risk
SUB3017,146,1,5678.48,3,1,2,6,At risk
SUB3894,146,4,4867.48,3,4,2,9,Loyal
SUB1625,146,3,5247.2,3,3,2,8,At risk
SUB1575,146,5,18888.22,3,4,4,11,Champion
SUB1009,145,2,2138.68,3,2,1,6,At risk
SUB1689,145,3,10114.45,3,3,3,9,Loyal
SUB1368,145,3,9511.55,3,3,3,9,Loyal
SUB4489,145,2,1572.74,3,2,1,6,At risk
SUB3369,145,4,10854.97,3,4,3,10,Loyal
SUB4570,145,4,29213.55,3,4,4,11,Champion
SUB3884,145,4,19767.68,3,4,4,11,Champion
SUB3721,145,2,8311.55,3,2,2,7,At risk
SUB4556,144,3,5342.93,3,3,2,8,At risk
SUB4761,144,3,8183.03,3,3,2,8,At risk
SUB3350,144,6,671081.06,3,4,4,11,Champion
SUB1311,144,2,13555.5,3,2,3,8,At risk
SUB4080,144,5,8268.22,3,4,2,9,Loyal
SUB1407,144,4,22962.55,3,4,4,11,Champion
SUB4641,144,4,3102.33,3,4,1,8,At risk
SUB4205,144,3,1970420.0,3,4,4,11,Champion
SUB4590,144,3,2049.9,3,3,1,7,At risk
SUB2601,143,4,42818.38,3,4,4,11,Champion
SUB2299,143,4,15548.8,3,4,3,10,Loyal
SUB4948,143,3,10921.87,3,4,3,10,Loyal
SUB1667,143,3,1075256.07,3,3,4,10,Loyal
SUB2069,142,2,12332.53,3,2,3,8,At risk
SUB3244,142,3,14528.62,3,3,3,9,Loyal
SUB2407,142,3,16178.2,3,3,3,9,Loyal
SUB2255,142,1,7974.81,3,1,2,6,At risk
SUB4693,142,5,782307.44,3,4,4,11,Champion
SUB2532,142,2,245420.17,3,3,4,10,Loyal
SUB2694,142,3,16335.74,3,4,4,11,Champion
SUB3307,142,3,12142.77,3,3,3,9,Loyal
SUB3527,141,5,9498.87,3,4,3,10,Loyal
SUB4695,141,3,9178.25,3,3,3,9,Loyal
SUB2094,141,4,17406.22,3,4,4,11,Champion
SUB2946,141,2,1750.7,3,2,1,6,At risk
SUB4564,141,2,18255.52,3,3,4,10,Loyal
SUB4444,141,4,38067.6,3,4,4,11,Champion
SUB4317,141,5,28308.39,3,4,4,11,Champion
SUB1486,141,2,609965.69,3,3,4,10,Loyal
SUB4238,141,4,9907.4,3,4,3,10,Loyal
SUB4783,140,3,20163.9,3,3,4,10,Loyal
SUB2476,140,2,7632.21,3,2,2,7,At risk
SUB4626,140,5,30310.32,3,4,4,11,Champion
SUB3086,140,2,6341.93,3,2,2,7,At risk
SUB2741,140,3,11175.84,3,3,3,9,Loyal
SUB4571,140,4,14992.05,3,4,3,10,Loyal
SUB4076,140,2,13050.23,3,2,3,8,At risk
SUB1061,140,1,7778.43,3,1,2,6,At risk
SUB3861,139,3,2519.18,3,3,1,7,At risk
SUB4543,139,2,2632.83,3,2,1,6,At risk
SUB2836,139,3,4245.01,3,3,2,8,At risk
SUB1758,139,3,12039.16,3,3,3,9,Loyal
SUB3901,139,5,8525.4,3,4,3,10,Loyal
SUB1212,139,3,353756.16,3,3,4,10,Loyal
SUB2193,138,1,98.62,3,1,1,5,Hibernation
SUB4098,138,1,586.15,3,1,1,5,Hibernation
SUB1817,138,3,11116.11,3,3,3,9,Loyal
SUB3208,138,1,3572.88,3,1,2,6,At risk
SUB2359,138,2,2354.92,3,2,1,6,At risk
SUB1722,138,5,14054.06,3,4,3,10,Loyal
SUB2559,138,3,11632.71,3,3,3,9,Loyal
SUB3520,137,3,2807.05,3,3,1,7,At risk
SUB3215,137,7,1470848.69,3,4,4,11,Champion
SUB4915,137,1,5807.87,3,1,2,6,At risk
SUB4851,137,2,8201.07,3,2,2,7,At risk
SUB2310,137,5,28806.98,3,4,4,11,Champion
SUB1381,137,4,15051.7,3,4,3,10,Loyal
SUB1457,137,3,20359.33,3,3,4,10,Loyal
SUB1527,137,5,14817.58,3,4,3,10,Loyal
SUB2374,137,3,625013.83,3,3,4,10,Loyal
SUB2937,137,4,4504.01,3,4,2,9,Loyal
SUB4043,137,4,3254.24,3,4,1,8,At risk
SUB1737,136,5,9084.01,3,4,3,10,Loyal
SUB2899,136,4,22979.25,3,4,4,11,Champion
SUB2442,136,2,18235.75,3,3,4,10,Loyal
SUB1420,136,5,12485.3,3,4,3,10,Loyal
SUB4667,136,1,6298.7,3,1,2,6,At risk
SUB3460,136,3,29342.2,3,3,4,10,Loyal
SUB4394,136,1,1859.14,3,1,1,5,Hibernation
SUB4173,136,3,5994.15,3,3,2,8,At risk
SUB2013,136,1,4618.66,3,1,2,6,At risk
SUB3083,135,5,26033.1,3,4,4,11,Champion
SUB3028,135,1,2699.8,3,1,1,5,Hibernation
SUB3932,135,1,2675.25,3,1,1,5,Hibernation
SUB3866,135,3,5183.48,3,3,2,8,At risk
SUB1841,135,4,19478.93,3,4,4,11,Champion
SUB4688,134,2,10072.86,3,2,3,8,At risk
SUB4174,134,4,13164.92,3,4,3,10,Loyal
SUB2644,134,3,1822.28,3,4,1,8,At risk
SUB2044,134,1,11468.46,3,1,3,7,At risk
SUB2757,134,4,3364.73,3,4,1,8,At risk
SUB4456,134,3,2261.38,3,3,1,7,At risk
SUB4703,134,2,7802.71,3,2,2,7,At risk
SUB2585,133,2,2180.9,3,2,1,6,At risk
SUB1387,133,1,1859.36,3,1,1,5,Hibernation
SUB4207,133,3,12346.26,3,3,3,9,Loyal
SUB3765,133,4,23087.46,3,4,4,11,Champion
SUB4391,133,1,104316.53,3,1,4,8,At risk
SUB3171,132,2,5960.47,3,2,2,7,At risk
SUB2176,132,2,3393.17,3,2,1,6,At risk
SUB2965,132,6,7510.38,3,4,2,9,Loyal
SUB1074,132,6,27219.56,3,4,4,11,Champion
SUB2491,132,1,8108.64,3,1,2,6,At risk
SUB2515,132,7,20927.76,3,4,4,11,Champion
SUB1133,132,1,764.15,3,1,1,5,Hibernation
SUB3361,131,2,7890.82,3,2,2,7,At risk
SUB2238,131,4,19453.95,3,4,4,11,Champion
SUB4213,131,3,14231.34,3,3,3,9,Loyal
SUB3552,131,2,4531.6,3,2,2,7,At risk
SUB1861,131,1,7273.05,3,1,2,6,At risk
SUB3968,130,2,16354.93,3,2,4,9,Loyal
SUB2064,130,4,32093.84,3,4,4,11,Champion
SUB3112,130,4,10353.84,3,4,3,10,Loyal
SUB1295,130,3,1344083.35,3,3,4,10,Loyal
SUB2971,130,3,13091.69,3,3,3,9,Loyal
SUB2073,130,2,8235.2,3,2,2,7,At risk
SUB2738,130,4,30623.01,3,4,4,11,Champion
SUB3718,130,2,8294.65,3,2,2,7,At risk
SUB1516,129,1,6145.4,3,1,2,6,At risk
SUB4374,129,2,9114.63,3,2,3,8,At risk
SUB1260,129,3,11661.1,3,3,3,9,Loyal
SUB4163,129,2,4680.29,3,2,2,7,At risk
SUB2537,129,4,22523.75,3,4,4,11,Champion
SUB1459,129,1,3992.1,3,1,2,6,At risk
SUB4022,129,5,24308.78,3,4,4,11,Champion
SUB3738,129,2,696.85,3,2,1,6,At risk
SUB3597,129,2,69282.53,3,3,4,10,Loyal
SUB3143,129,2,486.3,3,2,1,6,At risk
SUB4187,128,4,2959.28,3,4,1,8,At risk
SUB4477,128,6,200294.7,3,4,4,11,Champion
SUB4857,128,3,3998.9,3,3,2,8,At risk
SUB2991,127,2,1550.86,3,2,1,6,At risk
SUB4177,127,3,5778.21,3,3,2,8,At risk
SUB3155,127,3,12529.06,3,3,3,9,Loyal
SUB1539,127,4,11526.35,3,4,3,10,Loyal
SUB2686,127,3,13613.1,3,3,3,9,Loyal
SUB3315,127,4,29503.19,3,4,4,11,Champion
SUB3591,127,1,202.12,3,1,1,5,Hibernation
SUB4081,127,4,11764.61,3,4,3,10,Loyal
SUB4790,127,10,25176.17,3,4,4,11,Champion
SUB4691,127,3,8920.8,3,3,3,9,Loyal
SUB2214,126,2,6425.0,3,2,2,7,At risk
SUB2235,126,5,34109.51,3,4,4,11,Champion
SUB1774,126,3,6245.02,3,3,2,8,At risk
SUB2789,126,3,2507.09,3,3,1,7,At risk
SUB3942,126,6,24274.36,3,4,4,11,Champion
SUB3498,126,3,17998.91,3,3,4,10,Loyal
SUB3183,126,1,3115.62,3,1,1,5,Hibernation
SUB1114,125,4,29945.48,3,4,4,11,Champion
SUB3013,125,2,2432.56,3,2,1,6,At risk
SUB2807,125,2,1134638.29,3,3,4,10,Loyal
SUB3974,125,2,1452.06,3,2,1,6,At risk
SUB1867,125,4,2406.85,3,4,1,8,At risk
SUB1811,125,2,11316.94,3,2,3,8,At risk
SUB3782,125,3,4811.16,3,4,2,9,Loyal
SUB2216,125,6,21641.59,3,4,4,11,Champion
SUB3185,124,1,844.53,3,1,1,5,Hibernation
SUB4242,124,8,19542.78,3,4,4,11,Champion
SUB3147,124,7,27727.68,3,4,4,11,Champion
SUB3170,124,4,6230.04,3,4,2,9,Loyal
SUB1344,124,7,219294.28,3,4,4,11,Champion
SUB1952,124,2,4122.29,3,2,2,7,At risk
SUB1109,124,2,6628.67,3,2,2,7,At risk
SUB3501,124,2,4345.86,3,2,2,7,At risk
SUB3055,124,3,16473.03,3,4,4,11,Champion
SUB3336,123,4,17168.23,3,4,4,11,Champion
SUB3705,123,5,12963.95,3,4,3,10,Loyal
SUB4055,123,2,12755.21,3,2,3,8,At risk
SUB3162,123,6,21121.56,3,4,4,11,Champion
SUB3773,123,3,31093033.12,3,3,4,10,Loyal
SUB2703,123,2,9771.5,3,2,3,8,At risk
SUB2231,122,2,16783.76,3,3,4,10,Loyal
SUB3000,122,3,19152.1,3,3,4,10,Loyal
SUB3958,122,5,22085.97,3,4,4,11,Champion
SUB3271,122,3,12324.08,3,3,3,9,Loyal
SUB2185,122,5,8018.32,3,4,2,9,Loyal
SUB1086,122,2,4852.41,3,2,2,7,At risk
SUB1532,122,3,27973.34,3,3,4,10,Loyal
SUB1859,121,4,24043.09,3,4,4,11,Champion
SUB1261,121,1,6885.6,3,1,2,6,At risk
SUB4869,121,2,3003.57,3,2,1,6,At risk
SUB3837,121,3,1079285.86,3,3,4,10,Loyal
SUB1140,121,4,18794.23,3,4,4,11,Champion
SUB4466,121,6,12476.4,3,4,3,10,Loyal
SUB3850,120,3,5434.14,3,3,2,8,At risk
SUB4763,120,4,9406.7,3,4,3,10,Loyal
SUB4496,120,2,2850.49,3,2,1,6,At risk
SUB1583,119,2,151022.12,3,3,4,10,Loyal
SUB1589,119,3,12666.43,3,3,3,9,Loyal
SUB3573,119,1,2310.88,3,1,1,5,Hibernation
SUB4306,119,2,214608.72,3,3,4,10,Loyal
SUB2243,119,5,1512791.74,3,4,4,11,Champion
SUB2211,119,3,15205.7,3,3,3,9,Loyal
SUB3908,118,3,12321.3,3,3,3,9,Loyal
SUB4975,118,2,6137.72,3,2,2,7,At risk
SUB3955,118,1,7458.11,3,1,2,6,At risk
SUB2015,118,3,9583.14,3,3,3,9,Loyal
SUB4701,118,7,38433.43,3,4,4,11,Champion
SUB3668,118,3,8510.96,3,4,3,10,Loyal
SUB1036,118,1,8308.83,3,1,2,6,At risk
SUB1237,118,3,8623.64,3,3,3,9,Loyal
SUB1210,117,4,17913.42,3,4,4,11,Champion
SUB4427,117,3,17254.48,3,3,4,10,Loyal
SUB4909,116,3,22745.17,3,3,4,10,Loyal
SUB4218,116,5,9423.85,3,4,3,10,Loyal
SUB2709,116,3,8003.72,3,3,2,8,At risk
SUB3433,116,2,1579.03,3,2,1,6,At risk
SUB1827,115,4,1380144.16,3,4,4,11,Champion
SUB1030,115,3,5034.98,3,3,2,8,At risk
SUB4404,115,3,30549.01,3,3,4,10,Loyal
SUB3672,115,2,8422.8,3,2,2,7,At risk
SUB1155,115,3,15928.94,3,3,3,9,Loyal
SUB3944,115,3,5390.01,3,3,2,8,At risk
SUB1949,115,6,20608.78,3,4,4,11,Champion
SUB4725,115,3,1595429.3,3,3,4,10,Loyal
SUB1600,114,3,25395.04,3,3,4,10,Loyal
SUB3430,114,5,21242.98,3,4,4,11,Champion
SUB1238,114,2,11639.11,3,2,3,8,At risk
SUB3933,114,2,11809.86,3,2,3,8,At risk
SUB4754,114,2,4426.38,3,2,2,7,At risk
SUB1101,114,3,10785.32,3,3,3,9,Loyal
SUB4678,114,3,6917.89,3,3,2,8,At risk
SUB1617,114,4,3519.42,3,4,2,9,Loyal
SUB3747,114,3,10250.12,3,3,3,9,Loyal
SUB1947,114,4,10635.31,3,4,3,10,Loyal
SUB2895,114,4,1077646.31,3,4,4,11,Champion
SUB3337,113,3,11021.43,3,3,3,9,Loyal
SUB2843,113,8,20600.37,3,4,4,11,Champion
SUB1135,113,3,18122.3,3,3,4,10,Loyal
SUB3461,113,2,18232.8,3,3,4,10,Loyal
SUB3343,112,3,22933.39,3,3,4,10,Loyal
SUB3060,112,3,18540.35,3,3,4,10,Loyal
SUB3397,112,4,4391.86,4,4,2,10,Loyal
SUB2435,112,2,20561.4,4,3,4,11,Champion
SUB1076,112,3,1990315.98,4,4,4,12,Champion
SUB4911,112,5,23830.41,4,4,4,12,Champion
SUB4622,111,3,1344.02,4,3,1,8,At risk
SUB3105,111,3,17399.2,4,3,4,11,Champion
SUB4239,111,2,12679.5,4,2,3,9,Loyal
SUB2097,111,5,4306.71,4,4,2,10,Loyal
SUB4528,111,1,518.51,4,1,1,6,At risk
SUB3251,111,1,2755.03,4,1,1,6,At risk
SUB4737,111,1,7999.38,4,1,2,7,At risk
SUB1117,110,2,16779.01,4,3,4,11,Champion
SUB3546,110,5,17147.97,4,4,4,12,Champion
SUB3614,110,5,4230514.12,4,4,4,12,Champion
SUB2454,110,3,16072.89,4,3,3,10,Loyal
SUB2009,110,3,6039.76,4,3,2,9,Loyal
SUB1450,110,3,10958.27,4,4,3,11,Champion
SUB4566,110,2,3784.02,4,2,2,8,At risk
SUB4356,109,4,14963.61,4,4,3,11,Champion
SUB3327,109,3,4934.25,4,3,2,9,Loyal
SUB3809,109,3,4312.9,4,3,2,9,Loyal
SUB2652,108,2,1464.46,4,2,1,7,At risk
SUB4636,108,1,1407.06,4,1,1,6,At risk
SUB1072,108,1,15947.0,4,1,3,8,At risk
SUB3226,108,2,6719.71,4,2,2,8,At risk
SUB2813,108,3,18626.02,4,3,4,11,Champion
SUB2037,108,4,15014.38,4,4,3,11,Champion
SUB2457,108,3,24692.84,4,3,4,11,Champion
SUB2668,108,3,27058.89,4,3,4,11,Champion
SUB3071,108,6,28123.75,4,4,4,12,Champion
SUB4805,108,3,138216.16,4,3,4,11,Champion
SUB2558,107,3,1042.81,4,4,1,9,Loyal
SUB2116,107,4,9194.42,4,4,3,11,Champion
SUB3025,107,3,8640.37,4,3,3,10,Loyal
SUB3804,107,2,16177.44,4,2,3,9,Loyal
SUB4008,107,3,12083.06,4,3,3,10,Loyal
SUB4475,107,3,17340.93,4,3,4,11,Champion
SUB2313,107,3,18968.09,4,3,4,11,Champion
SUB2184,107,2,1901.78,4,2,1,7,At risk
SUB2362,107,2,8922.77,4,2,3,9,Loyal
SUB2078,106,2,6159.12,4,2,2,8,At risk
SUB3779,106,9,54658.82,4,4,4,12,Champion
SUB2932,106,3,2942.3,4,3,1,8,At risk
SUB2986,106,5,10954.51,4,4,3,11,Champion
SUB4179,106,3,7964.0,4,3,2,9,Loyal
SUB5000,105,5,31402.41,4,4,4,12,Champion
SUB2852,105,5,31746.32,4,4,4,12,Champion
SUB2215,105,2,379044.73,4,3,4,11,Champion
SUB2290,105,3,1010.34,4,3,1,8,At risk
SUB4548,105,3,976.53,4,3,1,8,At risk
SUB1670,105,3,10340.7,4,3,3,10,Loyal
SUB2966,105,3,11474.02,4,3,3,10,Loyal
SUB1973,104,3,739139.02,4,3,4,11,Champion
SUB2552,104,6,33421.7,4,4,4,12,Champion
SUB1725,104,3,4001.44,4,3,2,9,Loyal
SUB4750,104,2,6576.19,4,2,2,8,At risk
SUB1918,103,2,2952.8,4,2,1,7,At risk
SUB3781,103,6,14344.99,4,4,3,11,Champion
SUB1746,103,2,8343.21,4,2,2,8,At risk
SUB2572,103,6,30647.78,4,4,4,12,Champion
SUB2580,103,2,1572.06,4,2,1,7,At risk
SUB1793,103,4,4362.85,4,4,2,10,Loyal
SUB3367,103,3,4304.28,4,3,2,9,Loyal
SUB4593,102,2,1038.35,4,2,1,7,At risk
SUB2265,102,3,22037.01,4,3,4,11,Champion
SUB2030,102,3,37385.55,4,3,4,11,Champion
SUB1067,102,4,5469.5,4,4,2,10,Loyal
SUB4775,102,6,377392.31,4,4,4,12,Champion
SUB2409,101,3,15735.84,4,3,3,10,Loyal
SUB3064,101,4,1234399.65,4,4,4,12,Champion
SUB1277,101,4,10308.93,4,4,3,11,Champion
SUB1878,101,3,5044.5,4,3,2,9,Loyal
SUB4184,101,2,5456.94,4,2,2,8,At risk
SUB3291,101,6,18914.64,4,4,4,12,Champion
SUB3366,101,2,74667.37,4,3,4,11,Champion
SUB1122,100,2,873.95,4,2,1,7,At risk
SUB1872,100,2,8807.3,4,2,3,9,Loyal
SUB4201,100,4,35004.85,4,4,4,12,Champion
SUB1012,100,3,8890.01,4,3,3,10,Loyal
SUB1552,100,5,34019.55,4,4,4,12,Champion
SUB2462,99,3,4912.13,4,3,2,9,Loyal
SUB1511,99,2,2658.05,4,2,1,7,At risk
SUB2698,99,3,8844.36,4,3,3,10,Loyal
SUB1346,99,3,4638.63,4,3,2,9,Loyal
SUB2867,99,4,17503.17,4,4,4,12,Champion
SUB3693,99,5,13981.21,4,4,3,11,Champion
SUB2963,99,4,21505.03,4,4,4,12,Champion
SUB3464,99,1,7717.78,4,1,2,7,At risk
SUB3506,98,5,14686.38,4,4,3,11,Champion
SUB3313,98,5,1284045.31,4,4,4,12,Champion
SUB4583,98,3,5744.42,4,3,2,9,Loyal
SUB4860,98,3,17053.93,4,4,4,12,Champion
SUB1355,98,3,8501.93,4,4,3,11,Champion
SUB1391,98,5,14529.14,4,4,3,11,Champion
SUB3734,98,5,17714.68,4,4,4,12,Champion
SUB1454,97,4,15962.28,4,4,3,11,Champion
SUB3989,97,2,6581.71,4,2,2,8,At risk
SUB1592,97,3,20827.72,4,3,4,11,Champion
SUB3703,97,2,818.14,4,2,1,7,At risk
SUB1083,97,1,5399.39,4,1,2,7,At risk
SUB2339,97,2,3175.1,4,2,1,7,At risk
SUB4672,97,4,12807.7,4,4,3,11,Champion
SUB1977,97,1,1599.99,4,1,1,6,At risk
SUB1685,97,2,11338.62,4,2,3,9,Loyal
SUB1392,97,3,15212.13,4,3,3,10,Loyal
SUB4462,96,3,11721.45,4,3,3,10,Loyal
SUB4349,96,1,1666.46,4,1,1,6,At risk
SUB2143,96,1,4078.42,4,1,2,7,At risk
SUB3524,96,3,3377.33,4,3,1,8,At risk
SUB4299,95,2,2133.72,4,2,1,7,At risk
SUB2239,95,4,6212.24,4,4,2,10,Loyal
SUB1664,95,2,2316.08,4,2,1,7,At risk
SUB2027,95,3,7237.34,4,4,2,10,Loyal
SUB3622,95,5,21853.15,4,4,4,12,Champion
SUB3292,95,2,3509.49,4,2,2,8,At risk
SUB3744,95,3,1883021.5,4,3,4,11,Champion
SUB1417,95,5,2254.96,4,4,1,9,Loyal
SUB2726,95,2,6480.52,4,2,2,8,At risk
SUB1308,95,3,9411.89,4,3,3,10,Loyal
SUB2723,94,3,28514.56,4,3,4,11,Champion
SUB2105,94,2,6577.75,4,2,2,8,At risk
SUB4365,94,1,11935.66,4,1,3,8,At risk
SUB2272,94,3,14079.24,4,3,3,10,Loyal
SUB4461,94,2,376382.0,4,3,4,11,Champion
SUB2603,94,2,4630.56,4,2,2,8,At risk
SUB1814,94,7,62632.86,4,4,4,12,Champion
SUB2755,93,6,13274.06,4,4,3,11,Champion
SUB4117,93,6,15887.34,4,4,3,11,Champion
SUB2065,93,2,294019.7,4,3,4,11,Champion
SUB2735,92,1,26.16,4,1,1,6,At risk
SUB1735,92,4,21285.38,4,4,4,12,Champion
SUB3882,92,4,886817.82,4,4,4,12,Champion
SUB1686,91,5,828724.71,4,4,4,12,Champion
SUB1475,91,4,47829.99,4,4,4,12,Champion
SUB3840,91,2,4855.97,4,2,2,8,At risk
SUB2722,91,4,12755.98,4,4,3,11,Champion
SUB3008,91,2,4426.37,4,2,2,8,At risk
SUB4594,90,3,6001.22,4,3,2,9,Loyal
SUB4959,90,2,7008.12,4,2,2,8,At risk
SUB4797,90,4,1381142.79,4,4,4,12,Champion
SUB3113,90,2,11037.86,4,2,3,9,Loyal
SUB3219,90,2,1742.82,4,2,1,7,At risk
SUB3648,90,4,3678.52,4,4,2,10,Loyal
SUB4836,90,4,12777.86,4,4,3,11,Champion
SUB2480,90,4,11632.77,4,4,3,11,Champion
SUB1078,90,4,15217.71,4,4,3,11,Champion
SUB4969,89,3,6771.82,4,3,2,9,Loyal
SUB2228,89,4,5549.27,4,4,2,10,Loyal
SUB3623,89,2,2676.19,4,2,1,7,At risk
SUB1416,89,3,35808.49,4,4,4,12,Champion
SUB2123,89,3,68590.69,4,3,4,11,Champion
SUB3728,89,1,422.38,4,1,1,6,At risk
SUB4781,89,5,25935.39,4,4,4,12,Champion
SUB3423,88,2,15684.94,4,2,3,9,Loyal
SUB3488,88,4,11749.77,4,4,3,11,Champion
SUB1783,88,1,10438.84,4,1,3,8,At risk
SUB2320,88,2,11053.91,4,2,3,9,Loyal
SUB4032,88,4,9879.7,4,4,3,11,Champion
SUB2366,88,3,305585.62,4,3,4,11,Champion
SUB1994,88,3,12405.71,4,3,3,10,Loyal
SUB1188,87,2,25126.8,4,3,4,11,Champion
SUB3914,87,1,550.55,4,1,1,6,At risk
SUB3522,87,2,18015.87,4,3,4,11,Champion
SUB1577,87,2,15844.58,4,2,3,9,Loyal
SUB4961,87,1,7111.45,4,1,2,7,At risk
SUB4100,87,2,11439.51,4,2,3,9,Loyal
SUB1227,87,4,16304.25,4,4,4,12,Champion
SUB1071,87,2,11010.37,4,2,3,9,Loyal
SUB3463,87,1,996.04,4,1,1,6,At risk
SUB3200,87,3,15329.36,4,3,3,10,Loyal
SUB2453,87,4,7049.48,4,4,2,10,Loyal
SUB2008,87,2,2869.34,4,2,1,7,At risk
SUB2470,87,2,3428.29,4,2,2,8,At risk
SUB4487,87,4,12851.89,4,4,3,11,Champion
SUB4828,87,2,3763.73,4,2,2,8,At risk
SUB2434,86,3,15627.0,4,3,3,10,Loyal
SUB2751,86,3,7847.58,4,3,2,9,Loyal
SUB2306,86,2,9279.63,4,2,3,9,Loyal
SUB4576,86,2,9170.15,4,2,3,9,Loyal
SUB3841,86,5,10047.32,4,4,3,11,Champion
SUB3947,85,5,470758.49,4,4,4,12,Champion
SUB4139,85,3,34901.83,4,3,4,11,Champion
SUB2909,85,2,4346.57,4,2,2,8,At risk
SUB1739,85,3,11420.39,4,3,3,10,Loyal
SUB2704,85,4,29043.92,4,4,4,12,Champion
SUB2950,85,2,82611.29,4,3,4,11,Champion
SUB1874,85,3,24780.14,4,3,4,11,Champion
SUB4380,84,7,26460.65,4,4,4,12,Champion
SUB1317,84,2,9709.19,4,2,3,9,Loyal
SUB4322,84,3,3900.47,4,3,2,9,Loyal
SUB3802,84,3,7877.63,4,3,2,9,Loyal
SUB4858,84,4,6710.77,4,4,2,10,Loyal
SUB4888,83,1,210262.36,4,1,4,9,Loyal
SUB1613,83,6,16798.85,4,4,4,12,Champion
SUB3285,83,1,14946.37,4,1,3,8,At risk
SUB1970,83,4,12181.99,4,4,3,11,Champion
SUB1609,83,3,13024.3,4,3,3,10,Loyal
SUB2744,83,5,17149.86,4,4,4,12,Champion
SUB2309,82,4,3039.96,4,4,1,9,Loyal
SUB1500,82,3,7115.2,4,3,2,9,Loyal
SUB3532,82,3,497.5,4,3,1,8,At risk
SUB3998,82,4,7073.76,4,4,2,10,Loyal
SUB2114,82,3,5821.01,4,3,2,9,Loyal
SUB1893,81,5,16190.1,4,4,4,12,Champion
SUB1615,81,2,12942.74,4,2,3,9,Loyal
SUB1753,81,3,7799.99,4,3,2,9,Loyal
SUB3800,81,3,14632.53,4,3,3,10,Loyal
SUB2555,81,4,16163.62,4,4,3,11,Champion
SUB3583,81,3,2648.39,4,3,1,8,At risk
SUB2323,81,1,204.66,4,1,1,6,At risk
SUB4450,81,2,7625.95,4,2,2,8,At risk
SUB4726,81,4,8284.49,4,4,2,10,Loyal
SUB3618,81,5,28618.15,4,4,4,12,Champion
SUB1370,81,4,15756.18,4,4,3,11,Champion
SUB2958,80,3,32780.88,4,3,4,11,Champion
SUB2080,80,5,51512.72,4,4,4,12,Champion
SUB2563,80,3,8885.81,4,3,3,10,Loyal
SUB3774,80,2,4504.81,4,2,2,8,At risk
SUB4062,80,2,7629.98,4,2,2,8,At risk
SUB4200,80,4,26865.3,4,4,4,12,Champion
SUB3996,79,3,2880.85,4,3,1,8,At risk
SUB2675,79,2,5974.11,4,2,2,8,At risk
SUB1255,79,2,3832.16,4,2,2,8,At risk
SUB4292,79,3,102570.32,4,3,4,11,Champion
SUB3519,79,5,22150.76,4,4,4,12,Champion
SUB3682,79,3,6810.13,4,3,2,9,Loyal
SUB2829,79,3,1122466.21,4,3,4,11,Champion
SUB3020,79,2,2578.24,4,2,1,7,At risk
SUB2606,78,4,13539.33,4,4,3,11,Champion
SUB4820,78,2,7187.26,4,2,2,8,At risk
SUB3695,78,2,4076.47,4,2,2,8,At risk
SUB4278,78,3,27923.65,4,3,4,11,Champion
SUB3907,78,6,25553.51,4,4,4,12,Champion
SUB1342,78,3,13689.97,4,3,3,10,Loyal
SUB1263,78,4,4865.89,4,4,2,10,Loyal
SUB4392,77,2,2636.29,4,2,1,7,At risk
SUB1163,77,3,3750942.99,4,4,4,12,Champion
SUB4690,77,5,13186.48,4,4,3,11,Champion
SUB1567,77,3,519711.57,4,4,4,12,Champion
SUB2863,77,3,110730.69,4,3,4,11,Champion
SUB2878,77,2,339.46,4,1,1,6,At risk
SUB1089,76,3,1689.23,4,3,1,8,At risk
SUB4988,76,6,31687.23,4,4,4,12,Champion
SUB3503,76,5,9236.55,4,4,3,11,Champion
SUB1967,76,5,10009.35,4,4,3,11,Champion
SUB3249,76,2,17389.2,4,3,4,11,Champion
SUB2650,76,4,8906.27,4,4,3,11,Champion
SUB3202,75,4,10053.86,4,4,3,11,Champion
SUB4987,75,4,2407.83,4,4,1,9,Loyal
SUB3572,75,1,468.5,4,1,1,6,At risk
SUB3724,75,3,3401.37,4,3,1,8,At risk
SUB2091,75,3,11635.32,4,3,3,10,Loyal
SUB4064,75,4,11629.45,4,4,3,11,Champion
SUB3732,75,8,17216.89,4,4,4,12,Champion
SUB3130,75,7,27204.49,4,4,4,12,Champion
SUB2647,75,1,2238.48,4,1,1,6,At risk
SUB2250,74,5,4844.52,4,4,2,10,Loyal
SUB2052,74,2,12303.58,4,2,3,9,Loyal
SUB3904,74,3,17605.2,4,3,4,11,Champion
SUB2770,74,6,22723.84,4,4,4,12,Champion
SUB4077,74,4,14726.16,4,4,3,11,Champion
SUB4104,74,1,565.92,4,1,1,6,At risk
SUB4465,74,3,16475.9,4,4,4,12,Champion
SUB4185,74,3,202027.4,4,3,4,11,Champion
SUB3424,74,3,6584.19,4,3,2,9,Loyal
SUB4459,74,5,18904.42,4,4,4,12,Champion
SUB4646,73,2,8786.36,4,2,3,9,Loyal
SUB1211,73,2,7342.94,4,2,2,8,At risk
SUB1394,73,1,436.32,4,1,1,6,At risk
SUB3223,73,3,11107.87,4,3,3,10,Loyal
SUB2699,73,1,7915.2,4,1,2,7,At risk
SUB3353,73,5,1411048.82,4,4,4,12,Champion
SUB4141,73,3,17148.79,4,4,4,12,Champion
SUB4417,73,3,5129.38,4,3,2,9,Loyal
SUB3664,73,4,571373.34,4,4,4,12,Champion
SUB3610,72,2,11487.27,4,2,3,9,Loyal
SUB3084,72,4,13239.82,4,4,3,11,Champion
SUB4210,72,2,4686.37,4,2,2,8,At risk
SUB1692,72,6,59901.25,4,4,4,12,Champion
SUB3515,72,2,4331.85,4,2,2,8,At risk
SUB3134,72,7,49504.72,4,4,4,12,Champion
SUB4736,72,5,7501.04,4,4,2,10,Loyal
SUB1046,72,3,12307.26,4,3,3,10,Loyal
SUB2394,72,1,4562.58,4,1,2,7,At risk
SUB3316,71,6,22601.21,4,4,4,12,Champion
SUB4864,71,2,13866.45,4,2,3,9,Loyal
SUB4808,71,1,1001.44,4,1,1,6,At risk
SUB3378,71,1,7037.88,4,1,2,7,At risk
SUB2415,71,2,12923.48,4,2,3,9,Loyal
SUB3330,70,2,1760.43,4,2,1,7,At risk
SUB1669,70,2,4526.51,4,2,2,8,At risk
SUB3003,70,5,15308.71,4,4,3,11,Champion
SUB4595,70,2,15815.16,4,2,3,9,Loyal
SUB3465,70,3,17541.47,4,3,4,11,Champion
SUB1543,69,4,22387.54,4,4,4,12,Champion
SUB4926,69,2,3751.74,4,2,2,8,At risk
SUB3426,69,1,6226.33,4,1,2,7,At risk
SUB3579,69,4,8147.52,4,4,2,10,Loyal
SUB4679,69,4,16778.86,4,4,4,12,Champion
SUB3458,69,3,1764.81,4,3,1,8,At risk
SUB2481,69,5,1768476.04,4,4,4,12,Champion
SUB3284,69,3,12547.19,4,3,3,10,Loyal
SUB2780,68,1,1476.05,4,1,1,6,At risk
SUB4160,68,1,6001.56,4,1,2,7,At risk
SUB3628,68,2,9109.99,4,2,3,9,Loyal
SUB4584,68,3,6920.95,4,3,2,9,Loyal
SUB4813,68,5,17158.02,4,4,4,12,Champion
SUB3197,68,3,6969.95,4,3,2,9,Loyal
SUB4096,68,4,13504.69,4,4,3,11,Champion
SUB4274,68,1,190.74,4,1,1,6,At risk
SUB3151,68,1,17.34,4,1,1,6,At risk
SUB4550,68,3,10689.27,4,3,3,10,Loyal
SUB1055,68,2,4538.32,4,2,2,8,At risk
SUB3290,67,2,16907.58,4,3,4,11,Champion
SUB3701,67,2,372.28,4,2,1,7,At risk
SUB1424,67,3,12627.01,4,3,3,10,Loyal
SUB3737,67,2,16048.82,4,2,3,9,Loyal
SUB3372,67,4,20964.84,4,4,4,12,Champion
SUB4846,67,1,244.22,4,1,1,6,At risk
SUB2389,67,5,5596.13,4,4,2,10,Loyal
SUB1483,66,4,5173.98,4,4,2,10,Loyal
SUB3281,66,1,4.92,4,1,1,6,At risk
SUB1232,66,4,20019.35,4,4,4,12,Champion
SUB3830,66,3,12665.79,4,3,3,10,Loyal
SUB3273,66,1,84.07,4,1,1,6,At risk
SUB2657,66,3,34629.98,4,3,4,11,Champion
SUB4352,65,2,12548.82,4,2,3,9,Loyal
SUB3320,65,3,20254.62,4,3,4,11,Champion
SUB1707,65,3,6861.41,4,3,2,9,Loyal
SUB1755,65,2,26473.87,4,3,4,11,Champion
SUB1929,65,3,4592.2,4,3,2,9,Loyal
SUB4121,65,3,11192.03,4,3,3,10,Loyal
SUB2248,65,4,8661.91,4,4,3,11,Champion
SUB4036,65,3,21282.79,4,3,4,11,Champion
SUB1219,64,5,13317.84,4,4,3,11,Champion
SUB1892,64,1,4815.1,4,1,2,7,At risk
SUB3608,64,2,4148.69,4,2,2,8,At risk
SUB1414,64,1,72.92,4,1,1,6,At risk
SUB3685,64,3,3595.97,4,3,2,9,Loyal
SUB1550,64,4,17613.59,4,4,4,12,Champion
SUB3198,64,2,15572.41,4,2,3,9,Loyal
SUB2961,64,3,30225.3,4,3,4,11,Champion
SUB3213,64,1,1088.72,4,1,1,6,At risk
SUB4539,63,3,1566578.26,4,3,4,11,Champion
SUB1096,63,3,11448.99,4,3,3,10,Loyal
SUB1054,63,4,8275.93,4,4,2,10,Loyal
SUB2724,63,5,10876.2,4,4,3,11,Champion
SUB2885,63,4,19091.63,4,4,4,12,Champion
SUB4986,63,3,1929.01,4,4,1,9,Loyal
SUB4780,62,4,19977.64,4,4,4,12,Champion
SUB2448,62,3,8828.52,4,3,3,10,Loyal
SUB3066,62,2,2176.36,4,2,1,7,At risk
SUB3057,62,4,23515.82,4,4,4,12,Champion
SUB1298,62,1,8475.33,4,1,2,7,At risk
SUB2972,62,5,11852.94,4,4,3,11,Champion
SUB1111,62,5,18202.01,4,4,4,12,Champion
SUB1204,62,2,1444.37,4,2,1,7,At risk
SUB4192,61,1,846.97,4,1,1,6,At risk
SUB1276,61,3,3262.64,4,3,1,8,At risk
SUB1415,61,5,8536.11,4,4,3,11,Champion
SUB4721,61,1,383.01,4,1,1,6,At risk
SUB2223,61,2,11118.62,4,2,3,9,Loyal
SUB1176,61,1,61.75,4,1,1,6,At risk
SUB3746,61,3,6444.25,4,3,2,9,Loyal
SUB2629,61,4,18068.8,4,4,4,12,Champion
SUB4918,60,2,1941.89,4,2,1,7,At risk
SUB1399,60,5,571350.85,4,4,4,12,Champion
SUB1940,60,3,5896.3,4,3,2,9,Loyal
SUB2236,60,1,7967.6,4,1,2,7,At risk
SUB2247,60,3,638486.38,4,3,4,11,Champion
SUB3027,60,2,275.92,4,1,1,6,At risk
SUB3566,60,4,14433.23,4,4,3,11,Champion
SUB3776,60,4,21531.7,4,4,4,12,Champion
SUB3589,60,4,1604.1,4,4,1,9,Loyal
SUB1631,60,2,10011.8,4,2,3,9,Loyal
SUB4649,60,4,18971.79,4,4,4,12,Champion
SUB4854,59,3,2371.61,4,3,1,8,At risk
SUB4850,59,2,56892.66,4,3,4,11,Champion
SUB1807,59,5,26292.58,4,4,4,12,Champion
SUB1088,59,3,6101.02,4,3,2,9,Loyal
SUB1393,59,3,5163.45,4,3,2,9,Loyal
SUB3954,59,4,21200.05,4,4,4,12,Champion
SUB3394,59,4,323819.0,4,4,4,12,Champion
SUB4172,59,5,17783.87,4,4,4,12,Champion
SUB1546,58,3,13889.33,4,3,3,10,Loyal
SUB3456,58,3,14676.58,4,3,3,10,Loyal
SUB3346,58,2,12396.46,4,2,3,9,Loyal
SUB1672,58,3,2639.56,4,3,1,8,At risk
SUB4300,58,1,868.32,4,1,1,6,At risk
SUB3418,58,5,135697.96,4,4,4,12,Champion
SUB1351,58,2,17496.16,4,3,4,11,Champion
SUB3828,57,2,3738.08,4,2,2,8,At risk
SUB3581,57,2,1015.72,4,2,1,7,At risk
SUB1954,57,1,3028.37,4,1,1,6,At risk
SUB3178,57,4,5378.36,4,4,2,10,Loyal
SUB4642,57,3,8439.74,4,3,2,9,Loyal
SUB2543,57,4,16017.12,4,4,3,11,Champion
SUB1194,57,1,3792.49,4,1,2,7,At risk
SUB1200,56,1,7483.56,4,1,2,7,At risk
SUB1116,56,2,12097.74,4,2,3,9,Loyal
SUB3822,56,2,560369.51,4,3,4,11,Champion
SUB2684,56,7,295990.69,4,4,4,12,Champion
SUB3254,55,4,7665.42,4,4,2,10,Loyal
SUB2161,55,6,8703.36,4,4,3,11,Champion
SUB2803,55,6,18397.9,4,4,4,12,Champion
SUB2195,55,1,1697.13,4,1,1,6,At risk
SUB1548,55,3,12265.8,4,3,3,10,Loyal
SUB1813,55,2,13381.77,4,2,3,9,Loyal
SUB2720,55,1,55.45,4,1,1,6,At risk
SUB1324,55,3,3787.31,4,4,2,10,Loyal
SUB4419,55,2,6915.68,4,2,2,8,At risk
SUB2833,55,3,118517.72,4,3,4,11,Champion
SUB3138,54,2,10520.5,4,2,3,9,Loyal
SUB4087,54,4,12899.27,4,4,3,11,Champion
SUB1803,54,1,5885.27,4,1,2,7,At risk
SUB1328,54,4,17116.71,4,4,4,12,Champion
SUB1711,54,9,602321.34,4,4,4,12,Champion
SUB2727,54,4,9393.39,4,4,3,11,Champion
SUB4382,54,7,32729.66,4,4,4,12,Champion
SUB1988,54,7,30000.67,4,4,4,12,Champion
SUB4246,54,2,749.58,4,2,1,7,At risk
SUB1767,54,2,4638.21,4,2,2,8,At risk
SUB2208,54,4,10489.63,4,4,3,11,Champion
SUB1775,54,5,899593.27,4,4,4,12,Champion
SUB2695,54,4,3155.29,4,4,1,9,Loyal
SUB3231,54,2,3377.07,4,2,1,7,At risk
SUB1034,54,2,2656.6,4,2,1,7,At risk
SUB1369,54,3,4916.85,4,3,2,9,Loyal
SUB4733,53,2,1346.7,4,2,1,7,At risk
SUB3670,53,1,4017.85,4,1,2,7,At risk
SUB3247,53,6,41741.1,4,4,4,12,Champion
SUB1354,53,3,16273.64,4,4,4,12,Champion
SUB3832,53,1,4696.81,4,1,2,7,At risk
SUB2492,53,2,872445.67,4,3,4,11,Champion
SUB4732,53,3,15641.69,4,3,3,10,Loyal
SUB4368,52,4,7048.59,4,4,2,10,Loyal
SUB2717,52,2,6189.1,4,2,2,8,At risk
SUB2785,52,5,16130.49,4,4,3,11,Champion
SUB4302,52,4,32271.25,4,4,4,12,Champion
SUB2808,52,2,6345.59,4,2,2,8,At risk
SUB2017,52,8,48677.24,4,4,4,12,Champion
SUB4231,52,2,1767.68,4,2,1,7,At risk
SUB3945,52,3,4195.68,4,3,2,9,Loyal
SUB4650,52,1,5306.04,4,1,2,7,At risk
SUB2498,51,4,14931.68,4,4,3,11,Champion
SUB3462,51,2,2207.94,4,2,1,7,At risk
SUB2575,51,3,16519.38,4,4,4,12,Champion
SUB2327,51,2,3279.33,4,2,1,7,At risk
SUB4837,51,4,20251.26,4,4,4,12,Champion
SUB3166,51,3,6449.55,4,3,2,9,Loyal
SUB3510,51,3,9431.7,4,3,3,10,Loyal
SUB4216,51,1,7318.16,4,1,2,7,At risk
SUB2544,50,4,16078.69,4,4,3,11,Champion
SUB1862,50,1,10189.54,4,1,3,8,At risk
SUB4664,50,1,1811.04,4,1,1,6,At risk
SUB2503,49,3,11892.17,4,3,3,10,Loyal
SUB4554,49,5,15100.34,4,4,3,11,Champion
SUB3021,49,2,309969.55,4,3,4,11,Champion
SUB1881,49,2,9178.22,4,2,3,9,Loyal
SUB1674,49,5,14105.62,4,4,3,11,Champion
SUB4651,49,7,23222.31,4,4,4,12,Champion
SUB1441,48,4,14534.45,4,4,3,11,Champion
SUB2999,48,5,14259.14,4,4,3,11,Champion
SUB4671,48,2,4690.08,4,2,2,8,At risk
SUB2510,48,2,22005.53,4,3,4,11,Champion
SUB2230,48,3,25322.0,4,3,4,11,Champion
SUB4955,48,6,33078.89,4,4,4,12,Champion
SUB4538,48,1,119.59,4,1,1,6,At risk
SUB3225,48,3,17377.61,4,3,4,11,Champion
SUB4867,48,4,25235.17,4,4,4,12,Champion
SUB1505,48,1,168.23,4,1,1,6,At risk
SUB3390,47,5,18412.33,4,4,4,12,Champion
SUB3117,47,4,13353.11,4,4,3,11,Champion
SUB4057,47,2,13679.25,4,2,3,9,Loyal
SUB2316,47,4,4535.46,4,4,2,10,Loyal
SUB1582,47,4,17810.62,4,4,4,12,Champion
SUB1628,47,2,1841.68,4,2,1,7,At risk
SUB3344,47,2,7864.25,4,2,2,8,At risk
SUB4798,47,4,41662.87,4,4,4,12,Champion
SUB3917,46,4,13247.36,4,4,3,11,Champion
SUB3863,46,1,723.55,4,1,1,6,At risk
SUB3448,46,2,2657.89,4,2,1,7,At risk
SUB3511,45,1,9694.13,4,1,3,8,At risk
SUB4211,45,5,35531.93,4,4,4,12,Champion
SUB4491,45,3,11368.81,4,3,3,10,Loyal
SUB2671,45,8,13986.04,4,4,3,11,Champion
SUB3844,45,2,4826.99,4,2,2,8,At risk
SUB3393,45,6,12873.22,4,4,3,11,Champion
SUB1480,44,4,9727.54,4,4,3,11,Champion
SUB1489,44,1,399.35,4,1,1,6,At risk
SUB3133,44,1,2185.8,4,1,1,6,At risk
SUB1161,44,2,21952.87,4,3,4,11,Champion
SUB4468,44,3,12072.88,4,3,3,10,Loyal
SUB1819,44,4,24206.98,4,4,4,12,Champion
SUB3072,44,3,15649.13,4,3,3,10,Loyal
SUB2773,44,2,8133.12,4,2,2,8,At risk
SUB1752,44,2,8047.91,4,2,2,8,At risk
SUB2330,44,3,1186.49,4,3,1,8,At risk
SUB4415,44,1,4882.92,4,1,2,7,At risk
SUB3951,44,5,43623.99,4,4,4,12,Champion
SUB2490,44,4,8953.06,4,4,3,11,Champion
SUB4324,43,4,15576.52,4,4,3,11,Champion
SUB2791,43,4,14965.89,4,4,3,11,Champion
SUB3217,43,3,2175497.39,4,4,4,12,Champion
SUB4862,43,1,1343.57,4,1,1,6,At risk
SUB2616,43,4,15681.84,4,4,3,11,Champion
SUB4473,43,4,5392.48,4,4,2,10,Loyal
SUB2005,43,2,19611.4,4,3,4,11,Champion
SUB4689,43,3,1670.29,4,3,1,8,At risk
SUB1443,43,2,1717.07,4,2,1,7,At risk
SUB1883,43,1,4125.6,4,1,2,7,At risk
SUB1243,43,2,3164.89,4,2,1,7,At risk
SUB1343,43,2,6411.34,4,2,2,8,At risk
SUB1818,42,1,9862.42,4,1,3,8,At risk
SUB4223,42,3,30869.69,4,4,4,12,Champion
SUB4273,42,4,16446.51,4,4,4,12,Champion
SUB4061,42,4,9643.63,4,4,3,11,Champion
SUB4054,42,1,5855.99,4,1,2,7,At risk
SUB1429,42,5,17753.66,4,4,4,12,Champion
SUB3667,42,5,28631.89,4,4,4,12,Champion
SUB1439,42,6,22125.5,4,4,4,12,Champion
SUB2968,42,3,2961.83,4,3,1,8,At risk
SUB1471,42,5,232770.88,4,4,4,12,Champion
SUB4354,42,3,9753.98,4,3,3,10,Loyal
SUB4038,42,1,2201125.97,4,1,4,9,Loyal
SUB1975,41,1,1171.01,4,1,1,6,At risk
SUB1668,41,1,910.57,4,1,1,6,At risk
SUB1458,41,5,141266.75,4,4,4,12,Champion
SUB2781,41,6,22302.89,4,4,4,12,Champion
SUB3547,41,3,14724.32,4,3,3,10,Loyal
SUB2042,41,7,334898.45,4,4,4,12,Champion
SUB3009,41,4,21691.09,4,4,4,12,Champion
SUB1185,41,3,9265.4,4,3,3,10,Loyal
SUB3821,41,2,10625.04,4,2,3,9,Loyal
SUB2556,41,3,8544.44,4,4,3,11,Champion
SUB1520,40,5,23965.01,4,4,4,12,Champion
SUB2730,40,4,7797.4,4,4,2,10,Loyal
SUB1652,40,3,8623.27,4,4,3,11,Champion
SUB2186,40,3,13523.11,4,3,3,10,Loyal
SUB2232,40,1,6324.72,4,1,2,7,At risk
SUB3087,39,3,32818.83,4,3,4,11,Champion
SUB3033,39,2,9470.5,4,2,3,9,Loyal
SUB2834,39,3,22939.15,4,3,4,11,Champion
SUB3173,39,2,512.19,4,2,1,7,At risk
SUB2862,39,6,19034.5,4,4,4,12,Champion
SUB3093,39,5,23217.62,4,4,4,12,Champion
SUB1079,39,2,6032.8,4,2,2,8,At risk
SUB1236,39,4,20010.77,4,4,4,12,Champion
SUB3193,38,3,13124.76,4,3,3,10,Loyal
SUB1262,38,2,16601.78,4,2,4,10,Loyal
SUB1696,38,4,9561.25,4,4,3,11,Champion
SUB1445,38,2,1224.61,4,2,1,7,At risk
SUB3977,38,6,18965.01,4,4,4,12,Champion
SUB1371,37,2,168703.2,4,3,4,11,Champion
SUB1119,37,4,16251.56,4,4,4,12,Champion
SUB2819,37,3,4716.42,4,4,2,10,Loyal
SUB4614,37,3,35216.67,4,3,4,11,Champion
SUB3409,37,6,10876.52,4,4,3,11,Champion
SUB2678,37,1,9426.96,4,1,3,8,At risk
SUB2980,37,2,2292.26,4,2,1,7,At risk
SUB4470,37,3,19832.41,4,3,4,11,Champion
SUB2569,36,4,379740.16,4,4,4,12,Champion
SUB3952,36,1,2944.43,4,1,1,6,At risk
SUB2506,36,3,8669.37,4,3,3,10,Loyal
SUB2567,36,2,5432.07,4,2,2,8,At risk
SUB1120,36,2,2749.88,4,2,1,7,At risk
SUB4727,35,4,14186.04,4,4,3,11,Champion
SUB2994,35,6,12138.13,4,4,3,11,Champion
SUB4144,35,1,749.09,4,1,1,6,At risk
SUB2642,35,4,3296.55,4,4,1,9,Loyal
SUB1048,35,4,28801.96,4,4,4,12,Champion
SUB2059,35,1,15207.03,4,1,3,8,At risk
SUB3001,35,2,5444.39,4,2,2,8,At risk
SUB1388,35,5,19308.52,4,4,4,12,Champion
SUB3258,34,2,8232.6,4,2,2,8,At risk
SUB4434,34,1,1375.22,4,1,1,6,At risk
SUB4742,34,5,9039.25,4,4,3,11,Champion
SUB3671,34,4,12682.51,4,4,3,11,Champion
SUB4021,34,5,16787.67,4,4,4,12,Champion
SUB2707,34,3,9711.11,4,3,3,10,Loyal
SUB2153,34,4,12331.5,4,4,3,11,Champion
SUB3074,34,2,306106.84,4,3,4,11,Champion
SUB1738,34,4,12375.18,4,4,3,11,Champion
SUB4219,33,4,12965.09,4,4,3,11,Champion
SUB4398,33,7,30500.47,4,4,4,12,Champion
SUB1831,33,3,10729.16,4,3,3,10,Loyal
SUB1902,33,7,22557.28,4,4,4,12,Champion
SUB3359,33,4,3999.36,4,4,2,10,Loyal
SUB4197,33,3,6593.98,4,3,2,9,Loyal
SUB1015,33,4,13946.76,4,4,3,11,Champion
SUB4694,33,5,30199.0,4,4,4,12,Champion
SUB1269,32,3,2727.75,4,3,1,8,At risk
SUB1312,32,4,6965.19,4,4,2,10,Loyal
SUB2638,32,3,4583.05,4,3,2,9,Loyal
SUB1987,32,2,18692.1,4,3,4,11,Champion
SUB3761,32,3,10094.9,4,3,3,10,Loyal
SUB1143,32,3,90677.72,4,3,4,11,Champion
SUB3787,32,2,1906.37,4,2,1,7,At risk
SUB2332,32,3,4078.56,4,4,2,10,Loyal
SUB3531,32,5,19578.18,4,4,4,12,Champion
SUB2433,31,4,13149.4,4,4,3,11,Champion
SUB4377,31,4,9486.06,4,4,3,11,Champion
SUB4467,31,1,514.42,4,1,1,6,At risk
SUB4457,31,3,7846.45,4,3,2,9,Loyal
SUB4957,31,1,2493.86,4,1,1,6,At risk
SUB1093,31,5,40044.49,4,4,4,12,Champion
SUB4910,31,2,5314.42,4,2,2,8,At risk
SUB1798,31,3,1332355.8,4,3,4,11,Champion
SUB4048,31,2,5203.86,4,2,2,8,At risk
SUB1647,31,5,15969.04,4,4,3,11,Champion
SUB3896,31,7,31185.86,4,4,4,12,Champion
SUB4946,31,4,9811.26,4,4,3,11,Champion
SUB2837,31,4,324346.19,4,4,4,12,Champion
SUB4115,30,2,5305.63,4,2,2,8,At risk
SUB2602,30,3,11048.21,4,3,3,10,Loyal
SUB1245,30,5,27506.6,4,4,4,12,Champion
SUB2864,30,7,20605.92,4,4,4,12,Champion
SUB2125,30,2,8941.78,4,2,3,9,Loyal
SUB1724,30,5,38704.04,4,4,4,12,Champion
SUB4767,30,3,10306.91,4,3,3,10,Loyal
SUB2776,30,4,16750.88,4,4,4,12,Champion
SUB1777,29,3,1023.64,4,3,1,8,At risk
SUB1435,29,3,1795904.74,4,3,4,11,Champion
SUB2891,29,6,30613.97,4,4,4,12,Champion
SUB3859,29,1,1456.56,4,1,1,6,At risk
SUB1241,29,1,10337.76,4,1,3,8,At risk
SUB1137,29,3,22614.69,4,3,4,11,Champion
SUB1503,29,2,7824.2,4,2,2,8,At risk
SUB2099,29,2,3937.23,4,2,2,8,At risk
SUB2582,29,4,10847.3,4,4,3,11,Champion
SUB3805,28,3,23774.01,4,4,4,12,Champion
SUB1171,28,2,9389.25,4,2,3,9,Loyal
SUB2949,28,3,13776.9,4,3,3,10,Loyal
SUB4743,28,2,2689.82,4,2,1,7,At risk
SUB3007,28,2,5176.9,4,2,2,8,At risk
SUB2524,28,5,33537.08,4,4,4,12,Champion
SUB1695,28,2,2521.71,4,2,1,7,At risk
SUB2055,28,3,12386.13,4,3,3,10,Loyal
SUB3360,28,2,3705.55,4,2,2,8,At risk
SUB1733,28,3,17607.21,4,3,4,11,Champion
SUB4053,27,4,9443.67,4,4,3,11,Champion
SUB1979,27,3,8265.03,4,3,2,9,Loyal
SUB2375,27,3,6686.71,4,3,2,9,Loyal
SUB4004,27,3,391.11,4,3,1,8,At risk
SUB3489,27,3,670250.09,4,3,4,11,Champion
SUB3722,27,4,12407.55,4,4,3,11,Champion
SUB4203,27,2,33051.55,4,3,4,11,Champion
SUB2229,26,1,2287.4,4,1,1,6,At risk
SUB3796,26,1,948.39,4,1,1,6,At risk
SUB3058,26,1,11263.09,4,1,3,8,At risk
SUB3004,26,4,922295.66,4,4,4,12,Champion
SUB3730,26,3,3994.17,4,3,2,9,Loyal
SUB3812,26,4,26105.86,4,4,4,12,Champion
SUB1942,25,2,8852.5,4,2,3,9,Loyal
SUB1992,25,3,27314.65,4,3,4,11,Champion
SUB3910,25,5,23768.74,4,4,4,12,Champion
SUB3679,25,3,5653.92,4,3,2,9,Loyal
SUB3328,25,2,12092.51,4,2,3,9,Loyal
SUB4389,25,5,646162.67,4,4,4,12,Champion
SUB2475,25,2,11111.04,4,2,3,9,Loyal
SUB4789,25,1,536.63,4,1,1,6,At risk
SUB4056,25,3,11386.58,4,3,3,10,Loyal
SUB3825,24,3,11303.8,4,3,3,10,Loyal
SUB2916,24,3,6238.26,4,3,2,9,Loyal
SUB3598,24,1,2898.18,4,1,1,6,At risk
SUB4608,24,3,3719.62,4,3,2,9,Loyal
SUB3988,24,3,3472.94,4,3,2,9,Loyal
SUB1147,23,5,32758.17,4,4,4,12,Champion
SUB2517,23,3,7961.26,4,3,2,9,Loyal
SUB1183,23,2,6408.97,4,2,2,8,At risk
SUB3280,23,2,7283.94,4,2,2,8,At risk
SUB4834,23,2,9470.42,4,2,3,9,Loyal
SUB4247,23,2,10749.84,4,2,3,9,Loyal
SUB4367,23,4,5126.01,4,4,2,10,Loyal
SUB4656,23,3,1205982.0,4,3,4,11,Champion
SUB3040,23,4,32155.96,4,4,4,12,Champion
SUB3486,23,4,35455.66,4,4,4,12,Champion
SUB4897,23,4,17529.21,4,4,4,12,Champion
SUB4384,23,6,19929.74,4,4,4,12,Champion
SUB4706,23,6,6980.2,4,4,2,10,Loyal
SUB4328,23,3,24118.84,4,3,4,11,Champion
SUB2630,23,6,26227.85,4,4,4,12,Champion
SUB1404,23,1,9164.1,4,1,3,8,At risk
SUB3422,23,1,3716.5,4,1,2,7,At risk
SUB1251,22,6,23365.8,4,4,4,12,Champion
SUB2095,22,5,24509.41,4,4,4,12,Champion
SUB1360,22,2,5886.92,4,2,2,8,At risk
SUB3031,22,3,898.43,4,3,1,8,At risk
SUB2945,22,3,4285.35,4,3,2,9,Loyal
SUB4563,22,1,7042.41,4,1,2,7,At risk
SUB2286,22,4,21014.4,4,4,4,12,Champion
SUB3992,22,1,307.29,4,1,1,6,At risk
SUB1990,21,2,2765.56,4,2,1,7,At risk
SUB3838,21,5,24149.99,4,4,4,12,Champion
SUB3997,21,2,6243.22,4,2,2,8,At risk
SUB2504,21,4,14384.46,4,4,3,11,Champion
SUB1075,21,1,431.69,4,1,1,6,At risk
SUB4364,21,3,13964.2,4,3,3,10,Loyal
SUB3265,21,3,22111.16,4,3,4,11,Champion
SUB2663,21,3,2372108.51,4,3,4,11,Champion
SUB4702,21,1,98.86,4,1,1,6,At risk
SUB3388,21,1,323.21,4,1,1,6,At risk
SUB3260,21,3,8531.52,4,4,3,11,Champion
SUB3926,21,3,13252.45,4,3,3,10,Loyal
SUB2060,21,2,8326.87,4,2,2,8,At risk
SUB4757,21,3,11091.89,4,3,3,10,Loyal
SUB4033,21,4,15434.41,4,4,3,11,Champion
SUB4297,20,6,47743.37,4,4,4,12,Champion
SUB4810,20,6,19336.66,4,4,4,12,Champion
SUB1837,20,5,40511.47,4,4,4,12,Champion
SUB2087,20,2,12115.29,4,2,3,9,Loyal
SUB4441,20,2,1640.18,4,2,1,7,At risk
SUB1744,20,3,16140.46,4,3,3,10,Loyal
SUB4698,19,1,3556.89,4,1,2,7,At risk
SUB3439,19,4,25840.68,4,4,4,12,Champion
SUB4068,19,4,16378.41,4,4,4,12,Champion
SUB2660,19,3,814034.07,4,3,4,11,Champion
SUB4221,19,3,34601.99,4,3,4,11,Champion
SUB3043,19,4,56985.46,4,4,4,12,Champion
SUB3479,19,1,4360.7,4,1,2,7,At risk
SUB2783,19,5,17634.52,4,4,4,12,Champion
SUB3233,18,5,25303.62,4,4,4,12,Champion
SUB1044,18,4,74828.25,4,4,4,12,Champion
SUB2075,18,2,7881.68,4,2,2,8,At risk
SUB3793,18,2,5193.91,4,2,2,8,At risk
SUB1136,18,3,2302.86,4,3,1,8,At risk
SUB2023,18,4,7232.2,4,4,2,10,Loyal
SUB1734,18,2,5667.06,4,2,2,8,At risk
SUB3035,18,2,563.43,4,2,1,7,At risk
SUB3749,18,2,18829.75,4,3,4,11,Champion
SUB1313,17,3,20664.49,4,3,4,11,Champion
SUB4551,17,4,137129.13,4,4,4,12,Champion
SUB1112,17,1,830.18,4,1,1,6,At risk
SUB4974,17,5,18923.25,4,4,4,12,Champion
SUB3652,17,4,6726.34,4,4,2,10,Loyal
SUB3694,17,3,6365.13,4,3,2,9,Loyal
SUB4066,16,3,7551.79,4,3,2,9,Loyal
SUB3534,16,3,12376.64,4,3,3,10,Loyal
SUB1873,16,8,47050.83,4,4,4,12,Champion
SUB4599,16,4,23788.09,4,4,4,12,Champion
SUB2068,16,5,15795.92,4,4,3,11,Champion
SUB1307,16,4,762163.88,4,4,4,12,Champion
SUB3858,16,4,6239.48,4,4,2,10,Loyal
SUB2477,16,7,21937.94,4,4,4,12,Champion
SUB2702,16,4,13576.01,4,4,3,11,Champion
SUB3434,16,2,3107.05,4,2,1,7,At risk
SUB2022,16,4,15867.83,4,4,3,11,Champion
SUB1362,16,3,5425.79,4,3,2,9,Loyal
SUB1352,16,6,37130.75,4,4,4,12,Champion
SUB4933,15,6,35490.83,4,4,4,12,Champion
SUB2795,15,7,25208.84,4,4,4,12,Champion
SUB1852,15,2,11488.94,4,2,3,9,Loyal
SUB4312,15,2,289.26,4,1,1,6,At risk
SUB4603,15,3,13633.5,4,3,3,10,Loyal
SUB1209,15,1,198.45,4,1,1,6,At risk
SUB3711,15,3,4891.99,4,3,2,9,Loyal
SUB4145,15,5,15710.06,4,4,3,11,Champion
SUB4339,15,5,3566.83,4,4,2,10,Loyal
SUB1691,15,3,13446.13,4,3,3,10,Loyal
SUB1681,15,3,8475.43,4,3,2,9,Loyal
SUB3119,15,3,19671.43,4,3,4,11,Champion
SUB2998,14,3,12190.65,4,3,3,10,Loyal
SUB2632,14,4,26210.26,4,4,4,12,Champion
SUB2450,14,2,2600.54,4,2,1,7,At risk
SUB3450,14,5,13202.78,4,4,3,11,Champion
SUB2562,14,3,6292.47,4,3,2,9,Loyal
SUB4711,14,3,7761.22,4,3,2,9,Loyal
SUB3228,14,3,2045.78,4,3,1,8,At risk
SUB3296,14,3,1581.83,4,3,1,8,At risk
SUB3150,14,1,7353.72,4,1,2,7,At risk
SUB3584,14,3,5047.55,4,3,2,9,Loyal
SUB2974,14,6,37122.59,4,4,4,12,Champion
SUB3638,14,5,18466.06,4,4,4,12,Champion
SUB3406,14,3,9796.21,4,3,3,10,Loyal
SUB2560,14,8,19937.19,4,4,4,12,Champion
SUB3953,13,2,15959.13,4,2,3,9,Loyal
SUB2106,13,2,4618.39,4,2,2,8,At risk
SUB3438,13,2,9601.53,4,2,3,9,Loyal
SUB2021,13,6,12102.97,4,4,3,11,Champion
SUB1266,13,5,14045.14,4,4,3,11,Champion
SUB3606,13,2,18254.67,4,3,4,11,Champion
SUB4298,13,5,18110.2,4,4,4,12,Champion
SUB3181,13,3,20885.36,4,3,4,11,Champion
SUB2270,12,2,23254.84,4,3,4,11,Champion
SUB4263,12,3,1538.9,4,3,1,8,At risk
SUB3899,12,4,14665.92,4,4,3,11,Champion
SUB3266,12,7,29654.53,4,4,4,12,Champion
SUB1688,12,3,2614.11,4,3,1,8,At risk
SUB4186,12,3,2518.26,4,3,1,8,At risk
SUB1306,12,7,13026.37,4,4,3,11,Champion
SUB3189,12,3,10220.37,4,3,3,10,Loyal
SUB3167,12,3,14059.27,4,3,3,10,Loyal
SUB3325,12,6,19179.84,4,4,4,12,Champion
SUB2854,12,2,651.59,4,2,1,7,At risk
SUB3843,12,2,3014.59,4,2,1,7,At risk
SUB3507,12,6,956727.94,4,4,4,12,Champion
SUB2790,11,5,14697.6,4,4,3,11,Champion
SUB2599,11,1,645.97,4,1,1,6,At risk
SUB4017,11,4,18100.41,4,4,4,12,Champion
SUB3376,11,5,9317.65,4,4,3,11,Champion
SUB1986,11,6,19923.34,4,4,4,12,Champion
SUB3444,11,3,2212.15,4,3,1,8,At risk
SUB4316,11,1,8280.59,4,1,2,7,At risk
SUB1772,11,3,11312.03,4,3,3,10,Loyal
SUB1025,11,1,334.92,4,1,1,6,At risk
SUB3267,11,3,4945.64,4,3,2,9,Loyal
SUB4438,10,4,7159.48,4,4,2,10,Loyal
SUB3967,10,5,323036.32,4,4,4,12,Champion
SUB1024,10,4,4673.72,4,4,2,10,Loyal
SUB4814,10,3,15189.46,4,3,3,10,Loyal
SUB4740,10,2,11642.36,4,2,3,9,Loyal
SUB3875,10,4,42207.77,4,4,4,12,Champion
SUB2234,10,2,6028.63,4,2,2,8,At risk
SUB3389,10,4,13869.72,4,4,3,11,Champion
SUB2523,10,4,13667.49,4,4,3,11,Champion
SUB3717,10,5,26922.22,4,4,4,12,Champion
SUB2871,10,8,22011.24,4,4,4,12,Champion
SUB2804,10,1,10520.64,4,1,3,8,At risk
SUB2772,10,2,14548.58,4,2,3,9,Loyal
SUB4397,10,5,26996.45,4,4,4,12,Champion
SUB4697,9,3,4178.31,4,3,2,9,Loyal
SUB4992,9,2,1325.4,4,2,1,7,At risk
SUB3539,9,3,135939.67,4,3,4,11,Champion
SUB1971,9,3,11456.52,4,3,3,10,Loyal
SUB2841,9,4,8527.31,4,4,3,11,Champion
SUB1921,9,3,23606.97,4,4,4,12,Champion
SUB4887,9,3,11251.92,4,3,3,10,Loyal
SUB2589,8,3,9718.79,4,3,3,10,Loyal
SUB2036,8,3,9960.33,4,3,3,10,Loyal
SUB2800,8,2,21441.43,4,3,4,11,Champion
SUB1289,8,4,32996.78,4,4,4,12,Champion
SUB2047,8,1,219.54,4,1,1,6,At risk
SUB4495,8,4,18116.42,4,4,4,12,Champion
SUB3815,8,4,386309.28,4,4,4,12,Champion
SUB4225,8,3,3431.46,4,3,2,9,Loyal
SUB2050,8,3,1504707.31,4,3,4,11,Champion
SUB4587,8,2,3101.06,4,2,1,7,At risk
SUB1568,7,5,7588.28,4,4,2,10,Loyal
SUB1704,7,4,869409.28,4,4,4,12,Champion
SUB1172,7,3,16375.65,4,4,4,12,Champion
SUB3149,7,2,361682.73,4,3,4,11,Champion
SUB1304,7,2,3329.07,4,2,1,7,At risk
SUB4226,7,4,12243.99,4,4,3,11,Champion
SUB4544,7,4,24127.34,4,4,4,12,Champion
SUB2190,7,2,14787.54,4,2,3,9,Loyal
SUB2570,7,3,12045.87,4,3,3,10,Loyal
SUB3402,6,2,4011.49,4,2,2,8,At risk
SUB4269,6,2,2951.9,4,2,1,7,At risk
SUB4428,6,3,24449.19,4,3,4,11,Champion
SUB1610,6,3,9364.48,4,3,3,10,Loyal
SUB4609,6,2,3984.15,4,2,2,8,At risk
SUB3481,6,2,6206.38,4,2,2,8,At risk
SUB3580,6,5,11216.91,4,4,3,11,Champion
SUB4796,6,6,25825.64,4,4,4,12,Champion
SUB4863,6,1,307.87,4,1,1,6,At risk
SUB1382,5,2,12452.36,4,2,3,9,Loyal
SUB3205,5,4,18137.56,4,4,4,12,Champion
SUB1059,5,1,4308.86,4,1,2,7,At risk
SUB1960,5,1,8133.48,4,1,2,7,At risk
SUB2499,5,3,12491.42,4,3,3,10,Loyal
SUB4472,5,2,594.1,4,2,1,7,At risk
SUB2608,5,3,15828.2,4,3,3,10,Loyal
SUB2219,5,1,17.16,4,1,1,6,At risk
SUB2387,5,6,26164.34,4,4,4,12,Champion
SUB1377,5,3,2593.14,4,3,1,8,At risk
SUB1053,5,5,9964.73,4,4,3,11,Champion
SUB3392,4,5,992231.79,4,4,4,12,Champion
SUB3425,4,4,13933.87,4,4,3,11,Champion
SUB3016,4,2,4230.3,4,2,2,8,At risk
SUB4453,4,6,27433.97,4,4,4,12,Champion
SUB3651,4,4,1973.82,4,4,1,9,Loyal
SUB4954,4,4,601368.99,4,4,4,12,Champion
SUB3399,4,4,19544.97,4,4,4,12,Champion
SUB2273,4,3,13798.67,4,3,3,10,Loyal
SUB1286,4,7,25245.03,4,4,4,12,Champion
SUB3873,4,5,23951.82,4,4,4,12,Champion
SUB4234,4,2,9875.95,4,2,3,9,Loyal
SUB1576,4,2,15357.51,4,2,3,9,Loyal
SUB2600,3,3,17843.36,4,3,4,11,Champion
SUB4325,3,5,20001.6,4,4,4,12,Champion
SUB2505,3,2,3759.09,4,2,2,8,At risk
SUB4859,3,4,12024.06,4,4,3,11,Champion
SUB2024,3,3,5686.25,4,3,2,9,Loyal
Anon,3,565,10488438.62,4,4,4,12,Champion
SUB4658,3,5,21874.67,4,4,4,12,Champion
SUB3238,3,4,4777.69,4,4,2,10,Loyal
SUB4786,3,5,9706.56,4,4,3,11,Champion
SUB3662,3,4,2990088.85,4,4,4,12,Champion
SUB2725,3,3,7877.89,4,3,2,9,Loyal
SUB1191,2,2,11502.86,4,2,3,9,Loyal
SUB1412,2,1,11871.36,4,1,3,8,At risk
SUB3575,2,1,10601.92,4,1,3,8,At risk
SUB1601,2,1,5822.44,4,1,2,7,At risk
SUB3834,2,2,12680.83,4,2,3,9,Loyal
SUB3396,2,2,2384.86,4,2,1,7,At risk
SUB1897,2,2,9885.17,4,2,3,9,Loyal
SUB1446,1,6,9584.66,4,4,3,11,Champion
SUB1481,1,1,4863.04,4,1,2,7,At risk
SUB2519,1,2,14055.62,4,2,3,9,Loyal
SUB2737,1,6,35460.15,4,4,4,12,Champion
SUB2063,1,4,20970.99,4,4,4,12,Champion
SUB1027,1,3,11655.5,4,3,3,10,Loyal
SUB3549,1,2,779.97,4,2,1,7,At risk
SUB3211,1,3,10536.05,4,3,3,10,Loyal
SUB1502,1,3,4704.1,4,3,2,9,Loyal
SUB4089,1,1,7638.12,4,1,2,7,At risk
